abwiki	Georgia	100 or more	1	10
abwiki	Norway	5 to 99	1	10
abwiki	United States	5 to 99	1	10
acewiki	Indonesia	5 to 99	1	10
acewiki	United States	5 to 99	1	10
afwiki	El Salvador	5 to 99	1	10
afwiki	Germany	100 or more	1	10
afwiki	Guatemala	5 to 99	1	10
afwiki	South Africa	100 or more	1	10
afwiki	South Africa	5 to 99	11	20
afwiki	United Kingdom	5 to 99	1	10
afwiki	United States	100 or more	1	10
afwiki	United States	5 to 99	1	10
afwiki	unknown	5 to 99	1	10
akwiki	France	5 to 99	1	10
akwiki	Zambia	5 to 99	1	10
alswiki	Albania	5 to 99	1	10
alswiki	France	5 to 99	1	10
alswiki	Germany	100 or more	1	10
alswiki	Germany	5 to 99	1	10
alswiki	Poland	5 to 99	1	10
alswiki	Sweden	5 to 99	1	10
alswiki	Switzerland	100 or more	1	10
alswiki	Switzerland	5 to 99	1	10
alswiki	United Kingdom	5 to 99	1	10
alswiki	unknown	5 to 99	1	10
amwiki	Germany	5 to 99	1	10
amwiki	Israel	5 to 99	1	10
amwiki	Sweden	5 to 99	1	10
amwiki	Switzerland	5 to 99	1	10
amwiki	United States	100 or more	1	10
amwiki	United States	5 to 99	1	10
angwiki	Australia	5 to 99	1	10
angwiki	United Kingdom	5 to 99	1	10
angwiki	unknown	5 to 99	1	10
anwiki	Germany	5 to 99	1	10
anwiki	Italy	5 to 99	1	10
anwiki	Malaysia	5 to 99	1	10
anwiki	Spain	100 or more	1	10
anwiki	Spain	5 to 99	1	10
anwiki	United Kingdom	5 to 99	1	10
anwiki	unknown	100 or more	1	10
arcwiki	Norway	5 to 99	1	10
arwiki	Algeria	100 or more	1	10
arwiki	Algeria	5 to 99	71	80
arwiki	Australia	5 to 99	1	10
arwiki	Austria	5 to 99	1	10
arwiki	Belgium	5 to 99	1	10
arwiki	Brazil	5 to 99	1	10
arwiki	Bulgaria	5 to 99	1	10
arwiki	Canada	100 or more	1	10
arwiki	Canada	5 to 99	1	10
arwiki	Colombia	5 to 99	1	10
arwiki	Czech Republic	5 to 99	1	10
arwiki	Democratic Republic of the Congo	5 to 99	1	10
arwiki	Denmark	100 or more	1	10
arwiki	Finland	5 to 99	1	10
arwiki	France	100 or more	1	10
arwiki	France	5 to 99	1	10
arwiki	Germany	100 or more	1	10
arwiki	Germany	5 to 99	11	20
arwiki	India	5 to 99	1	10
arwiki	Iraq	100 or more	11	20
arwiki	Iraq	5 to 99	61	70
arwiki	Ireland	5 to 99	1	10
arwiki	Israel	100 or more	1	10
arwiki	Israel	5 to 99	11	20
arwiki	Italy	100 or more	1	10
arwiki	Italy	5 to 99	1	10
arwiki	Japan	5 to 99	1	10
arwiki	Jordan	100 or more	1	10
arwiki	Jordan	5 to 99	31	40
arwiki	Kuwait	100 or more	1	10
arwiki	Kuwait	5 to 99	31	40
arwiki	Lebanon	100 or more	1	10
arwiki	Lebanon	5 to 99	11	20
arwiki	Malaysia	5 to 99	1	10
arwiki	Mali	5 to 99	1	10
arwiki	Mauritania	100 or more	1	10
arwiki	Mauritania	5 to 99	1	10
arwiki	Morocco	100 or more	11	20
arwiki	Morocco	5 to 99	161	170
arwiki	Netherlands	100 or more	1	10
arwiki	Netherlands	5 to 99	1	10
arwiki	New Zealand	5 to 99	1	10
arwiki	Norway	100 or more	1	10
arwiki	Norway	5 to 99	1	10
arwiki	Oman	100 or more	1	10
arwiki	Oman	5 to 99	11	20
arwiki	Palestine	100 or more	1	10
arwiki	Palestine	5 to 99	31	40
arwiki	Philippines	5 to 99	1	10
arwiki	Poland	5 to 99	1	10
arwiki	Portugal	5 to 99	1	10
arwiki	Puerto Rico	5 to 99	1	10
arwiki	Qatar	100 or more	1	10
arwiki	Qatar	5 to 99	1	10
arwiki	Romania	5 to 99	1	10
arwiki	South Korea	5 to 99	1	10
arwiki	Spain	5 to 99	1	10
arwiki	Sweden	5 to 99	1	10
arwiki	Switzerland	5 to 99	1	10
arwiki	Tunisia	100 or more	1	10
arwiki	Tunisia	5 to 99	21	30
arwiki	United Kingdom	100 or more	1	10
arwiki	United Kingdom	5 to 99	11	20
arwiki	United States	100 or more	1	10
arwiki	United States	5 to 99	21	30
arzwiki	Lebanon	5 to 99	1	10
arzwiki	Morocco	5 to 99	1	10
arzwiki	United Kingdom	5 to 99	1	10
arzwiki	United States	5 to 99	1	10
arzwiki	unknown	5 to 99	1	10
astwiki	Argentina	5 to 99	1	10
astwiki	Czech Republic	5 to 99	1	10
astwiki	France	5 to 99	1	10
astwiki	Germany	5 to 99	1	10
astwiki	Norway	5 to 99	1	10
astwiki	Peru	5 to 99	1	10
astwiki	Spain	100 or more	1	10
astwiki	Spain	5 to 99	1	10
astwiki	Sweden	5 to 99	1	10
astwiki	United States	100 or more	1	10
astwiki	unknown	5 to 99	1	10
aswiki	Bangladesh	5 to 99	1	10
aswiki	Bosnia and Herzegovina	5 to 99	1	10
aswiki	India	5 to 99	11	20
aswiki	United Kingdom	5 to 99	1	10
aswiki	United States	5 to 99	1	10
aswiki	unknown	5 to 99	1	10
aywiki	Peru	5 to 99	1	10
aywiki	United Kingdom	5 to 99	1	10
aywiki	United States	5 to 99	1	10
azbwiki	Germany	5 to 99	1	10
azbwiki	United States	5 to 99	1	10
azbwiki	unknown	5 to 99	1	10
azwiki	Austria	100 or more	1	10
azwiki	Bangladesh	5 to 99	1	10
azwiki	Brazil	5 to 99	1	10
azwiki	Czech Republic	5 to 99	1	10
azwiki	Georgia	100 or more	1	10
azwiki	Georgia	5 to 99	1	10
azwiki	Germany	5 to 99	1	10
azwiki	Indonesia	100 or more	1	10
azwiki	Italy	5 to 99	1	10
azwiki	Lithuania	5 to 99	1	10
azwiki	Netherlands	5 to 99	1	10
azwiki	South Korea	5 to 99	1	10
azwiki	Ukraine	5 to 99	1	10
azwiki	United Kingdom	100 or more	1	10
azwiki	United States	5 to 99	1	10
azwiki	unknown	100 or more	1	10
barwiki	Austria	5 to 99	1	10
barwiki	Germany	100 or more	1	10
barwiki	Germany	5 to 99	1	10
barwiki	Israel	5 to 99	1	10
barwiki	Poland	5 to 99	1	10
barwiki	Taiwan	5 to 99	1	10
barwiki	United Kingdom	5 to 99	1	10
barwiki	United States	5 to 99	1	10
barwiki	unknown	5 to 99	1	10
bat_smgwiki	Lithuania	5 to 99	1	10
bawiki	Ukraine	5 to 99	1	10
bawiki	United Kingdom	5 to 99	1	10
bawiki	unknown	5 to 99	1	10
bclwiki	Australia	5 to 99	1	10
bclwiki	Cyprus	5 to 99	1	10
bclwiki	Ireland	5 to 99	1	10
bclwiki	Philippines	5 to 99	1	10
bclwiki	Spain	5 to 99	1	10
bclwiki	United Kingdom	100 or more	1	10
bclwiki	United Kingdom	5 to 99	1	10
bclwiki	United States	100 or more	1	10
bclwiki	United States	5 to 99	1	10
bclwiki	unknown	5 to 99	1	10
be_x_oldwiki	Australia	5 to 99	1	10
be_x_oldwiki	Canada	100 or more	1	10
be_x_oldwiki	Estonia	100 or more	1	10
be_x_oldwiki	France	100 or more	1	10
be_x_oldwiki	Germany	5 to 99	1	10
be_x_oldwiki	Lithuania	5 to 99	1	10
be_x_oldwiki	Ukraine	5 to 99	1	10
be_x_oldwiki	unknown	5 to 99	1	10
bewiki	Canada	5 to 99	1	10
bewiki	Denmark	5 to 99	1	10
bewiki	Estonia	5 to 99	1	10
bewiki	Finland	5 to 99	1	10
bewiki	Germany	5 to 99	1	10
bewiki	Italy	5 to 99	1	10
bewiki	Netherlands	5 to 99	1	10
bewiki	Poland	5 to 99	1	10
bewiki	Romania	5 to 99	1	10
bewiki	Serbia	5 to 99	1	10
bewiki	Switzerland	5 to 99	1	10
bewiki	Tajikistan	5 to 99	1	10
bewiki	Ukraine	100 or more	1	10
bewiki	Ukraine	5 to 99	1	10
bewiki	United Kingdom	5 to 99	1	10
bewiki	United States	5 to 99	1	10
bewiki	unknown	5 to 99	1	10
bgwiki	Australia	5 to 99	1	10
bgwiki	Austria	5 to 99	1	10
bgwiki	Belgium	5 to 99	1	10
bgwiki	Bulgaria	100 or more	41	50
bgwiki	Bulgaria	5 to 99	291	300
bgwiki	Canada	5 to 99	1	10
bgwiki	Colombia	5 to 99	1	10
bgwiki	Cyprus	5 to 99	1	10
bgwiki	France	5 to 99	1	10
bgwiki	Germany	5 to 99	1	10
bgwiki	Ghana	5 to 99	1	10
bgwiki	Greece	5 to 99	1	10
bgwiki	Hungary	100 or more	1	10
bgwiki	Italy	100 or more	1	10
bgwiki	Italy	5 to 99	1	10
bgwiki	Japan	5 to 99	1	10
bgwiki	Lithuania	5 to 99	1	10
bgwiki	Macedonia	5 to 99	1	10
bgwiki	Malta	5 to 99	1	10
bgwiki	Poland	5 to 99	1	10
bgwiki	Serbia	5 to 99	1	10
bgwiki	Sweden	5 to 99	1	10
bgwiki	Ukraine	5 to 99	1	10
bgwiki	United Kingdom	100 or more	1	10
bgwiki	United Kingdom	5 to 99	1	10
bgwiki	United States	5 to 99	1	10
bgwiki	unknown	100 or more	1	10
bgwiki	unknown	5 to 99	1	10
bhwiki	Brazil	5 to 99	1	10
bhwiki	India	100 or more	1	10
bhwiki	India	5 to 99	1	10
bhwiki	United States	100 or more	1	10
bhwiki	unknown	5 to 99	1	10
bjnwiki	Indonesia	5 to 99	1	10
bjnwiki	United States	100 or more	1	10
bmwiki	France	5 to 99	1	10
bnwiki	Bangladesh	100 or more	11	20
bnwiki	Bangladesh	5 to 99	181	190
bnwiki	Germany	100 or more	1	10
bnwiki	Germany	5 to 99	1	10
bnwiki	India	100 or more	1	10
bnwiki	India	5 to 99	31	40
bnwiki	Italy	5 to 99	1	10
bnwiki	Japan	5 to 99	1	10
bnwiki	Malaysia	5 to 99	1	10
bnwiki	Nepal	5 to 99	1	10
bnwiki	Philippines	5 to 99	1	10
bnwiki	United Kingdom	100 or more	1	10
bnwiki	United Kingdom	5 to 99	1	10
bnwiki	United States	100 or more	1	10
bnwiki	United States	5 to 99	11	20
bnwiki	unknown	100 or more	1	10
bnwiki	unknown	5 to 99	1	10
bpywiki	Bangladesh	5 to 99	1	10
brwiki	France	100 or more	1	10
brwiki	France	5 to 99	1	10
brwiki	Taiwan	5 to 99	1	10
brwiki	United States	5 to 99	1	10
brwiki	unknown	5 to 99	1	10
bswiki	Austria	100 or more	1	10
bswiki	Austria	5 to 99	1	10
bswiki	Belgium	5 to 99	1	10
bswiki	Bosnia and Herzegovina	100 or more	1	10
bswiki	Bosnia and Herzegovina	5 to 99	11	20
bswiki	Croatia	5 to 99	1	10
bswiki	Germany	100 or more	1	10
bswiki	Germany	5 to 99	1	10
bswiki	Italy	5 to 99	1	10
bswiki	Netherlands	5 to 99	1	10
bswiki	Serbia	5 to 99	1	10
bswiki	Ukraine	5 to 99	1	10
bswiki	United States	5 to 99	1	10
bugwiki	Indonesia	5 to 99	1	10
cawiki	Andorra	5 to 99	1	10
cawiki	Argentina	5 to 99	1	10
cawiki	Australia	5 to 99	1	10
cawiki	Belgium	100 or more	1	10
cawiki	Belgium	5 to 99	1	10
cawiki	Brazil	5 to 99	1	10
cawiki	Canada	5 to 99	1	10
cawiki	Colombia	5 to 99	1	10
cawiki	Denmark	5 to 99	1	10
cawiki	France	5 to 99	1	10
cawiki	Gabon	100 or more	1	10
cawiki	Germany	100 or more	1	10
cawiki	Germany	5 to 99	1	10
cawiki	Greece	5 to 99	1	10
cawiki	Indonesia	5 to 99	1	10
cawiki	Israel	5 to 99	1	10
cawiki	Italy	5 to 99	1	10
cawiki	Japan	5 to 99	1	10
cawiki	Jordan	5 to 99	1	10
cawiki	Luxembourg	5 to 99	1	10
cawiki	Malaysia	5 to 99	1	10
cawiki	Mexico	5 to 99	1	10
cawiki	Norway	5 to 99	1	10
cawiki	Slovenia	5 to 99	1	10
cawiki	Spain	100 or more	71	80
cawiki	Spain	5 to 99	621	630
cawiki	Sweden	5 to 99	1	10
cawiki	Switzerland	5 to 99	1	10
cawiki	Taiwan	5 to 99	1	10
cawiki	United Kingdom	100 or more	1	10
cawiki	United Kingdom	5 to 99	1	10
cawiki	United States	5 to 99	1	10
cawiki	unknown	100 or more	1	10
cbk_zamwiki	Chile	5 to 99	1	10
cbk_zamwiki	Ireland	5 to 99	1	10
cbk_zamwiki	Switzerland	5 to 99	1	10
cbk_zamwiki	United Kingdom	5 to 99	1	10
cbk_zamwiki	United States	5 to 99	1	10
cdowiki	Taiwan	5 to 99	1	10
cdowiki	United States	5 to 99	1	10
cebwiki	Australia	5 to 99	1	10
cebwiki	Colombia	5 to 99	1	10
cebwiki	Cyprus	5 to 99	1	10
cebwiki	Czech Republic	5 to 99	1	10
cebwiki	El Salvador	5 to 99	1	10
cebwiki	France	5 to 99	1	10
cebwiki	Germany	5 to 99	1	10
cebwiki	Guatemala	5 to 99	1	10
cebwiki	Indonesia	5 to 99	1	10
cebwiki	Ireland	5 to 99	1	10
cebwiki	Israel	5 to 99	1	10
cebwiki	Italy	5 to 99	1	10
cebwiki	Japan	100 or more	1	10
cebwiki	Mexico	5 to 99	1	10
cebwiki	Netherlands	5 to 99	1	10
cebwiki	Philippines	100 or more	1	10
cebwiki	Philippines	5 to 99	1	10
cebwiki	Poland	5 to 99	1	10
cebwiki	Puerto Rico	5 to 99	1	10
cebwiki	Romania	5 to 99	1	10
cebwiki	South Africa	5 to 99	1	10
cebwiki	Spain	5 to 99	1	10
cebwiki	Sweden	5 to 99	1	10
cebwiki	Switzerland	5 to 99	1	10
cebwiki	United Kingdom	100 or more	1	10
cebwiki	United Kingdom	5 to 99	1	10
cebwiki	United States	5 to 99	1	10
cebwiki	unknown	5 to 99	1	10
cewiki	unknown	5 to 99	1	10
chrwiki	Netherlands	5 to 99	1	10
chrwiki	United States	100 or more	1	10
chwiki	Germany	5 to 99	1	10
chywiki	United States	5 to 99	1	10
ckbwiki	Canada	5 to 99	1	10
ckbwiki	Iraq	100 or more	1	10
ckbwiki	Iraq	5 to 99	1	10
ckbwiki	Jordan	5 to 99	1	10
ckbwiki	Norway	5 to 99	1	10
ckbwiki	United Kingdom	5 to 99	1	10
ckbwiki	United States	100 or more	1	10
ckbwiki	United States	5 to 99	1	10
ckbwiki	unknown	5 to 99	1	10
cowiki	France	5 to 99	1	10
cowiki	Italy	100 or more	1	10
cowiki	Italy	5 to 99	1	10
cowiki	United States	5 to 99	1	10
crhwiki	Germany	5 to 99	1	10
crhwiki	Jordan	5 to 99	1	10
crhwiki	Netherlands	5 to 99	1	10
crhwiki	Ukraine	100 or more	1	10
crwiki	United States	5 to 99	1	10
csbwiki	Poland	5 to 99	1	10
cswiki	Australia	5 to 99	1	10
cswiki	Austria	5 to 99	1	10
cswiki	Belgium	5 to 99	1	10
cswiki	Brazil	5 to 99	1	10
cswiki	Canada	5 to 99	1	10
cswiki	Chile	5 to 99	1	10
cswiki	Czech Republic	100 or more	91	100
cswiki	Czech Republic	5 to 99	801	810
cswiki	El Salvador	5 to 99	1	10
cswiki	Germany	100 or more	1	10
cswiki	Germany	5 to 99	11	20
cswiki	Greece	5 to 99	1	10
cswiki	Hungary	5 to 99	1	10
cswiki	Indonesia	5 to 99	1	10
cswiki	Israel	5 to 99	1	10
cswiki	Italy	5 to 99	1	10
cswiki	Japan	100 or more	1	10
cswiki	Japan	5 to 99	1	10
cswiki	Jordan	5 to 99	1	10
cswiki	Lithuania	5 to 99	1	10
cswiki	Mauritius	5 to 99	1	10
cswiki	Netherlands	5 to 99	1	10
cswiki	New Zealand	100 or more	1	10
cswiki	Poland	100 or more	1	10
cswiki	Poland	5 to 99	1	10
cswiki	Romania	5 to 99	1	10
cswiki	Slovakia	100 or more	1	10
cswiki	Slovakia	5 to 99	11	20
cswiki	Spain	5 to 99	1	10
cswiki	Switzerland	5 to 99	1	10
cswiki	Ukraine	5 to 99	1	10
cswiki	United Kingdom	100 or more	1	10
cswiki	United Kingdom	5 to 99	1	10
cswiki	United States	5 to 99	1	10
cswiki	unknown	100 or more	1	10
cswiki	unknown	5 to 99	1	10
cuwiki	Bulgaria	100 or more	1	10
cuwiki	Switzerland	5 to 99	1	10
cvwiki	Germany	5 to 99	1	10
cvwiki	Israel	5 to 99	1	10
cvwiki	Netherlands	5 to 99	1	10
cvwiki	Sweden	5 to 99	1	10
cvwiki	United Kingdom	5 to 99	1	10
cvwiki	United States	5 to 99	1	10
cvwiki	unknown	5 to 99	1	10
cywiki	Australia	5 to 99	1	10
cywiki	Brazil	5 to 99	1	10
cywiki	France	5 to 99	1	10
cywiki	Greece	5 to 99	1	10
cywiki	Lithuania	5 to 99	1	10
cywiki	Spain	5 to 99	1	10
cywiki	United Kingdom	100 or more	11	20
cywiki	United Kingdom	5 to 99	21	30
cywiki	unknown	5 to 99	1	10
dawiki	Argentina	5 to 99	1	10
dawiki	Australia	5 to 99	1	10
dawiki	Belgium	5 to 99	1	10
dawiki	Colombia	5 to 99	1	10
dawiki	Denmark	100 or more	31	40
dawiki	Denmark	5 to 99	281	290
dawiki	Estonia	100 or more	1	10
dawiki	Estonia	5 to 99	1	10
dawiki	France	5 to 99	1	10
dawiki	Germany	100 or more	1	10
dawiki	Germany	5 to 99	1	10
dawiki	Hong Kong	5 to 99	1	10
dawiki	Iceland	5 to 99	1	10
dawiki	Israel	5 to 99	1	10
dawiki	Italy	5 to 99	1	10
dawiki	Jordan	5 to 99	1	10
dawiki	Lithuania	5 to 99	1	10
dawiki	Mexico	5 to 99	1	10
dawiki	Netherlands	5 to 99	1	10
dawiki	Norway	100 or more	1	10
dawiki	Norway	5 to 99	11	20
dawiki	Romania	5 to 99	1	10
dawiki	Slovakia	5 to 99	1	10
dawiki	South Korea	5 to 99	1	10
dawiki	Spain	5 to 99	1	10
dawiki	Sweden	100 or more	1	10
dawiki	Sweden	5 to 99	1	10
dawiki	Switzerland	5 to 99	1	10
dawiki	Ukraine	5 to 99	1	10
dawiki	United Kingdom	5 to 99	1	10
dawiki	United States	5 to 99	1	10
dawiki	unknown	5 to 99	1	10
dewiki	Albania	100 or more	1	10
dewiki	Angola	5 to 99	1	10
dewiki	Argentina	100 or more	1	10
dewiki	Argentina	5 to 99	1	10
dewiki	Armenia	5 to 99	1	10
dewiki	Australia	100 or more	1	10
dewiki	Australia	5 to 99	1	10
dewiki	Austria	100 or more	61	70
dewiki	Austria	5 to 99	581	590
dewiki	Belgium	5 to 99	21	30
dewiki	Bolivia	5 to 99	1	10
dewiki	Bosnia and Herzegovina	5 to 99	1	10
dewiki	Brazil	5 to 99	1	10
dewiki	Bulgaria	5 to 99	1	10
dewiki	Canada	100 or more	1	10
dewiki	Canada	5 to 99	1	10
dewiki	Chile	5 to 99	1	10
dewiki	Colombia	5 to 99	1	10
dewiki	Costa Rica	5 to 99	1	10
dewiki	Croatia	5 to 99	1	10
dewiki	Cyprus	5 to 99	1	10
dewiki	Czech Republic	5 to 99	11	20
dewiki	Denmark	5 to 99	11	20
dewiki	Dominican Republic	5 to 99	1	10
dewiki	Ecuador	100 or more	1	10
dewiki	El Salvador	5 to 99	1	10
dewiki	Estonia	5 to 99	1	10
dewiki	Finland	5 to 99	1	10
dewiki	France	100 or more	1	10
dewiki	France	5 to 99	41	50
dewiki	Georgia	5 to 99	1	10
dewiki	Germany	100 or more	931	940
dewiki	Germany	5 to 99	5551	5560
dewiki	Greece	5 to 99	11	20
dewiki	Guatemala	5 to 99	1	10
dewiki	Hong Kong	5 to 99	1	10
dewiki	Hungary	5 to 99	1	10
dewiki	India	5 to 99	1	10
dewiki	Indonesia	5 to 99	1	10
dewiki	Ireland	5 to 99	1	10
dewiki	Israel	5 to 99	1	10
dewiki	Italy	100 or more	11	20
dewiki	Italy	5 to 99	51	60
dewiki	Japan	100 or more	1	10
dewiki	Japan	5 to 99	11	20
dewiki	Jordan	5 to 99	1	10
dewiki	Kenya	5 to 99	1	10
dewiki	Latvia	5 to 99	1	10
dewiki	Lebanon	5 to 99	1	10
dewiki	Liechtenstein	5 to 99	1	10
dewiki	Lithuania	100 or more	1	10
dewiki	Lithuania	5 to 99	1	10
dewiki	Luxembourg	5 to 99	1	10
dewiki	Malaysia	5 to 99	1	10
dewiki	Malta	100 or more	1	10
dewiki	Mexico	5 to 99	1	10
dewiki	Moldova	5 to 99	1	10
dewiki	Namibia	100 or more	1	10
dewiki	Namibia	5 to 99	1	10
dewiki	Netherlands	100 or more	1	10
dewiki	Netherlands	5 to 99	41	50
dewiki	New Zealand	5 to 99	1	10
dewiki	Norway	5 to 99	1	10
dewiki	Oman	5 to 99	1	10
dewiki	Paraguay	5 to 99	1	10
dewiki	Philippines	5 to 99	1	10
dewiki	Poland	100 or more	1	10
dewiki	Poland	5 to 99	21	30
dewiki	Portugal	5 to 99	1	10
dewiki	Puerto Rico	5 to 99	1	10
dewiki	Romania	5 to 99	1	10
dewiki	Serbia	5 to 99	1	10
dewiki	Singapore	5 to 99	1	10
dewiki	Slovakia	5 to 99	1	10
dewiki	Slovenia	5 to 99	1	10
dewiki	South Africa	100 or more	1	10
dewiki	South Africa	5 to 99	1	10
dewiki	South Korea	5 to 99	1	10
dewiki	Spain	100 or more	1	10
dewiki	Spain	5 to 99	31	40
dewiki	Sri Lanka	5 to 99	1	10
dewiki	Sweden	100 or more	1	10
dewiki	Sweden	5 to 99	11	20
dewiki	Switzerland	100 or more	51	60
dewiki	Switzerland	5 to 99	411	420
dewiki	Taiwan	5 to 99	1	10
dewiki	Uganda	5 to 99	1	10
dewiki	Ukraine	5 to 99	11	20
dewiki	United Kingdom	100 or more	1	10
dewiki	United Kingdom	5 to 99	41	50
dewiki	United States	100 or more	1	10
dewiki	United States	5 to 99	51	60
dewiki	unknown	100 or more	1	10
dewiki	unknown	5 to 99	21	30
diqwiki	Germany	100 or more	1	10
diqwiki	United Kingdom	5 to 99	1	10
diqwiki	United States	5 to 99	1	10
diqwiki	unknown	5 to 99	1	10
dsbwiki	Poland	100 or more	1	10
dvwiki	Maldives	5 to 99	1	10
dvwiki	United Kingdom	5 to 99	1	10
elwiki	Argentina	5 to 99	1	10
elwiki	Australia	5 to 99	1	10
elwiki	Austria	5 to 99	1	10
elwiki	Belgium	5 to 99	1	10
elwiki	Brazil	5 to 99	1	10
elwiki	Bulgaria	5 to 99	1	10
elwiki	Canada	5 to 99	1	10
elwiki	Cyprus	100 or more	1	10
elwiki	Cyprus	5 to 99	11	20
elwiki	Czech Republic	5 to 99	1	10
elwiki	Denmark	5 to 99	1	10
elwiki	France	5 to 99	1	10
elwiki	Germany	100 or more	1	10
elwiki	Germany	5 to 99	1	10
elwiki	Greece	100 or more	51	60
elwiki	Greece	5 to 99	621	630
elwiki	Ireland	5 to 99	1	10
elwiki	Italy	5 to 99	1	10
elwiki	Japan	5 to 99	1	10
elwiki	Jordan	100 or more	1	10
elwiki	Netherlands	5 to 99	1	10
elwiki	Norway	100 or more	1	10
elwiki	Portugal	5 to 99	1	10
elwiki	Slovakia	5 to 99	1	10
elwiki	Spain	5 to 99	1	10
elwiki	Switzerland	5 to 99	1	10
elwiki	United Kingdom	100 or more	1	10
elwiki	United Kingdom	5 to 99	1	10
elwiki	United States	5 to 99	1	10
elwiki	unknown	5 to 99	1	10
emlwiki	France	5 to 99	1	10
emlwiki	Germany	5 to 99	1	10
emlwiki	Indonesia	100 or more	1	10
emlwiki	Italy	100 or more	1	10
emlwiki	United States	5 to 99	11	20
enwiki	Albania	100 or more	1	10
enwiki	Albania	5 to 99	91	100
enwiki	Algeria	100 or more	1	10
enwiki	Algeria	5 to 99	31	40
enwiki	Andorra	5 to 99	1	10
enwiki	Angola	100 or more	1	10
enwiki	Angola	5 to 99	1	10
enwiki	Antigua and Barbuda	5 to 99	1	10
enwiki	Argentina	100 or more	11	20
enwiki	Argentina	5 to 99	181	190
enwiki	Armenia	100 or more	1	10
enwiki	Armenia	5 to 99	31	40
enwiki	Australia	100 or more	251	260
enwiki	Australia	5 to 99	2641	2650
enwiki	Austria	100 or more	1	10
enwiki	Austria	5 to 99	161	170
enwiki	Bahamas	5 to 99	1	10
enwiki	Bangladesh	100 or more	11	20
enwiki	Bangladesh	5 to 99	311	320
enwiki	Barbados	5 to 99	1	10
enwiki	Belgium	100 or more	21	30
enwiki	Belgium	5 to 99	251	260
enwiki	Belize	5 to 99	1	10
enwiki	Bermuda	5 to 99	1	10
enwiki	Bhutan	5 to 99	1	10
enwiki	Bolivia	5 to 99	1	10
enwiki	Bosnia and Herzegovina	100 or more	1	10
enwiki	Bosnia and Herzegovina	5 to 99	61	70
enwiki	Botswana	5 to 99	11	20
enwiki	Brazil	100 or more	31	40
enwiki	Brazil	5 to 99	811	820
enwiki	British Indian Ocean Territory	5 to 99	1	10
enwiki	British Virgin Islands	5 to 99	1	10
enwiki	Brunei	100 or more	1	10
enwiki	Brunei	5 to 99	11	20
enwiki	Bulgaria	100 or more	11	20
enwiki	Bulgaria	5 to 99	161	170
enwiki	Burkina Faso	5 to 99	1	10
enwiki	Burundi	5 to 99	1	10
enwiki	Cambodia	100 or more	1	10
enwiki	Cambodia	5 to 99	41	50
enwiki	Cameroon	5 to 99	1	10
enwiki	Canada	100 or more	291	300
enwiki	Canada	5 to 99	2851	2860
enwiki	Cape Verde	5 to 99	1	10
enwiki	Caribbean Netherlands	5 to 99	1	10
enwiki	Cayman Islands	5 to 99	1	10
enwiki	Chile	100 or more	1	10
enwiki	Chile	5 to 99	141	150
enwiki	Colombia	100 or more	11	20
enwiki	Colombia	5 to 99	111	120
enwiki	Costa Rica	5 to 99	41	50
enwiki	Croatia	100 or more	11	20
enwiki	Croatia	5 to 99	161	170
enwiki	Curaçao	5 to 99	1	10
enwiki	Cyprus	100 or more	1	10
enwiki	Cyprus	5 to 99	51	60
enwiki	Czech Republic	100 or more	11	20
enwiki	Czech Republic	5 to 99	171	180
enwiki	Côte d'Ivoire	100 or more	1	10
enwiki	Côte d'Ivoire	5 to 99	1	10
enwiki	Democratic Republic of the Congo	5 to 99	1	10
enwiki	Denmark	100 or more	11	20
enwiki	Denmark	5 to 99	221	230
enwiki	Dominican Republic	100 or more	1	10
enwiki	Dominican Republic	5 to 99	41	50
enwiki	Ecuador	100 or more	1	10
enwiki	Ecuador	5 to 99	21	30
enwiki	El Salvador	100 or more	1	10
enwiki	El Salvador	5 to 99	21	30
enwiki	Estonia	100 or more	1	10
enwiki	Estonia	5 to 99	71	80
enwiki	Fiji	100 or more	1	10
enwiki	Fiji	5 to 99	1	10
enwiki	Finland	100 or more	21	30
enwiki	Finland	5 to 99	231	240
enwiki	France	100 or more	41	50
enwiki	France	5 to 99	741	750
enwiki	Gambia	5 to 99	1	10
enwiki	Georgia	100 or more	1	10
enwiki	Georgia	5 to 99	31	40
enwiki	Germany	100 or more	121	130
enwiki	Germany	5 to 99	1291	1300
enwiki	Ghana	100 or more	1	10
enwiki	Ghana	5 to 99	81	90
enwiki	Gibraltar	5 to 99	1	10
enwiki	Greece	100 or more	21	30
enwiki	Greece	5 to 99	401	410
enwiki	Greenland	5 to 99	1	10
enwiki	Grenada	5 to 99	1	10
enwiki	Guadeloupe	5 to 99	1	10
enwiki	Guam	5 to 99	1	10
enwiki	Guatemala	100 or more	1	10
enwiki	Guatemala	5 to 99	11	20
enwiki	Guernsey	100 or more	1	10
enwiki	Guernsey	5 to 99	1	10
enwiki	Guyana	100 or more	1	10
enwiki	Guyana	5 to 99	1	10
enwiki	Haiti	5 to 99	1	10
enwiki	Honduras	5 to 99	1	10
enwiki	Hong Kong	100 or more	21	30
enwiki	Hong Kong	5 to 99	361	370
enwiki	Hungary	100 or more	11	20
enwiki	Hungary	5 to 99	141	150
enwiki	Iceland	100 or more	1	10
enwiki	Iceland	5 to 99	31	40
enwiki	India	100 or more	151	160
enwiki	India	5 to 99	4671	4680
enwiki	Indonesia	100 or more	31	40
enwiki	Indonesia	5 to 99	591	600
enwiki	Iraq	100 or more	1	10
enwiki	Iraq	5 to 99	31	40
enwiki	Ireland	100 or more	41	50
enwiki	Ireland	5 to 99	531	540
enwiki	Isle of Man	100 or more	1	10
enwiki	Isle of Man	5 to 99	21	30
enwiki	Israel	100 or more	21	30
enwiki	Israel	5 to 99	331	340
enwiki	Italy	100 or more	41	50
enwiki	Italy	5 to 99	751	760
enwiki	Jamaica	5 to 99	21	30
enwiki	Japan	100 or more	31	40
enwiki	Japan	5 to 99	391	400
enwiki	Jersey	100 or more	1	10
enwiki	Jersey	5 to 99	11	20
enwiki	Jordan	100 or more	1	10
enwiki	Jordan	5 to 99	21	30
enwiki	Kenya	100 or more	1	10
enwiki	Kenya	5 to 99	81	90
enwiki	Kiribati	5 to 99	1	10
enwiki	Kosovo	5 to 99	1	10
enwiki	Kuwait	100 or more	1	10
enwiki	Kuwait	5 to 99	61	70
enwiki	Kyrgyzstan	5 to 99	1	10
enwiki	Latvia	100 or more	1	10
enwiki	Latvia	5 to 99	41	50
enwiki	Lebanon	100 or more	1	10
enwiki	Lebanon	5 to 99	61	70
enwiki	Lesotho	5 to 99	1	10
enwiki	Liberia	100 or more	1	10
enwiki	Liberia	5 to 99	1	10
enwiki	Lithuania	100 or more	1	10
enwiki	Lithuania	5 to 99	61	70
enwiki	Luxembourg	100 or more	1	10
enwiki	Luxembourg	5 to 99	51	60
enwiki	Macao	100 or more	1	10
enwiki	Macao	5 to 99	1	10
enwiki	Macedonia	100 or more	1	10
enwiki	Macedonia	5 to 99	61	70
enwiki	Malawi	100 or more	1	10
enwiki	Malawi	5 to 99	1	10
enwiki	Malaysia	100 or more	31	40
enwiki	Malaysia	5 to 99	681	690
enwiki	Maldives	5 to 99	11	20
enwiki	Malta	100 or more	1	10
enwiki	Malta	5 to 99	21	30
enwiki	Marshall Islands	5 to 99	1	10
enwiki	Martinique	5 to 99	1	10
enwiki	Mauritius	5 to 99	21	30
enwiki	Mayotte	5 to 99	1	10
enwiki	Mexico	100 or more	11	20
enwiki	Mexico	5 to 99	301	310
enwiki	Moldova	100 or more	1	10
enwiki	Moldova	5 to 99	11	20
enwiki	Mongolia	100 or more	1	10
enwiki	Mongolia	5 to 99	11	20
enwiki	Montenegro	100 or more	1	10
enwiki	Montenegro	5 to 99	11	20
enwiki	Morocco	100 or more	1	10
enwiki	Morocco	5 to 99	51	60
enwiki	Mozambique	5 to 99	1	10
enwiki	Namibia	100 or more	1	10
enwiki	Namibia	5 to 99	1	10
enwiki	Nepal	100 or more	1	10
enwiki	Nepal	5 to 99	121	130
enwiki	Netherlands	100 or more	71	80
enwiki	Netherlands	5 to 99	631	640
enwiki	New Zealand	100 or more	41	50
enwiki	New Zealand	5 to 99	461	470
enwiki	Nicaragua	5 to 99	11	20
enwiki	Nigeria	100 or more	1	10
enwiki	Nigeria	5 to 99	231	240
enwiki	Northern Mariana Islands	100 or more	1	10
enwiki	Northern Mariana Islands	5 to 99	1	10
enwiki	Norway	100 or more	21	30
enwiki	Norway	5 to 99	241	250
enwiki	Oman	5 to 99	11	20
enwiki	Palestine	5 to 99	1	10
enwiki	Panama	5 to 99	11	20
enwiki	Paraguay	100 or more	1	10
enwiki	Paraguay	5 to 99	11	20
enwiki	Peru	100 or more	1	10
enwiki	Peru	5 to 99	71	80
enwiki	Philippines	100 or more	81	90
enwiki	Philippines	5 to 99	1291	1300
enwiki	Poland	100 or more	21	30
enwiki	Poland	5 to 99	371	380
enwiki	Portugal	100 or more	11	20
enwiki	Portugal	5 to 99	221	230
enwiki	Puerto Rico	100 or more	1	10
enwiki	Puerto Rico	5 to 99	71	80
enwiki	Qatar	100 or more	1	10
enwiki	Qatar	5 to 99	51	60
enwiki	Republic of the Congo	5 to 99	1	10
enwiki	Romania	100 or more	11	20
enwiki	Romania	5 to 99	201	210
enwiki	Rwanda	5 to 99	1	10
enwiki	Saint Kitts and Nevis	5 to 99	1	10
enwiki	Saint Lucia	100 or more	1	10
enwiki	Saint Lucia	5 to 99	1	10
enwiki	Saint Vincent and the Grenadines	5 to 99	1	10
enwiki	Senegal	5 to 99	1	10
enwiki	Serbia	100 or more	21	30
enwiki	Serbia	5 to 99	201	210
enwiki	Seychelles	5 to 99	1	10
enwiki	Singapore	100 or more	41	50
enwiki	Singapore	5 to 99	531	540
enwiki	Slovakia	100 or more	1	10
enwiki	Slovakia	5 to 99	51	60
enwiki	Slovenia	100 or more	1	10
enwiki	Slovenia	5 to 99	41	50
enwiki	South Africa	100 or more	11	20
enwiki	South Africa	5 to 99	301	310
enwiki	South Korea	100 or more	11	20
enwiki	South Korea	5 to 99	291	300
enwiki	South Sudan	5 to 99	1	10
enwiki	Spain	100 or more	31	40
enwiki	Spain	5 to 99	651	660
enwiki	Sri Lanka	100 or more	1	10
enwiki	Sri Lanka	5 to 99	101	110
enwiki	Suriname	100 or more	1	10
enwiki	Suriname	5 to 99	1	10
enwiki	Swaziland	5 to 99	1	10
enwiki	Sweden	100 or more	51	60
enwiki	Sweden	5 to 99	451	460
enwiki	Switzerland	100 or more	11	20
enwiki	Switzerland	5 to 99	271	280
enwiki	São Tomé and Príncipe	5 to 99	1	10
enwiki	Taiwan	100 or more	11	20
enwiki	Taiwan	5 to 99	181	190
enwiki	Tajikistan	5 to 99	1	10
enwiki	Tanzania	100 or more	1	10
enwiki	Tanzania	5 to 99	11	20
enwiki	Trinidad and Tobago	100 or more	1	10
enwiki	Trinidad and Tobago	5 to 99	21	30
enwiki	Tunisia	100 or more	1	10
enwiki	Tunisia	5 to 99	21	30
enwiki	Turks and Caicos Islands	5 to 99	1	10
enwiki	Uganda	5 to 99	21	30
enwiki	Ukraine	100 or more	11	20
enwiki	Ukraine	5 to 99	221	230
enwiki	United Kingdom	100 or more	781	790
enwiki	United Kingdom	5 to 99	7891	7900
enwiki	United States	100 or more	1921	1930
enwiki	United States	5 to 99	24161	24170
enwiki	United States Virgin Islands	5 to 99	1	10
enwiki	Uruguay	100 or more	1	10
enwiki	Uruguay	5 to 99	51	60
enwiki	Vanuatu	5 to 99	1	10
enwiki	Vatican City	5 to 99	1	10
enwiki	Zambia	100 or more	1	10
enwiki	Zambia	5 to 99	1	10
enwiki	Zimbabwe	5 to 99	11	20
enwiki	unknown	100 or more	11	20
enwiki	unknown	5 to 99	61	70
enwiki	Åland Islands	5 to 99	1	10
eowiki	Austria	5 to 99	1	10
eowiki	Belgium	100 or more	1	10
eowiki	Belgium	5 to 99	1	10
eowiki	Brazil	5 to 99	1	10
eowiki	Canada	5 to 99	1	10
eowiki	Chile	5 to 99	1	10
eowiki	Czech Republic	100 or more	1	10
eowiki	Czech Republic	5 to 99	1	10
eowiki	Denmark	5 to 99	1	10
eowiki	Ecuador	5 to 99	1	10
eowiki	El Salvador	5 to 99	1	10
eowiki	France	100 or more	1	10
eowiki	France	5 to 99	1	10
eowiki	Germany	100 or more	1	10
eowiki	Germany	5 to 99	1	10
eowiki	Hungary	100 or more	1	10
eowiki	Hungary	5 to 99	1	10
eowiki	India	5 to 99	1	10
eowiki	Israel	5 to 99	1	10
eowiki	Italy	5 to 99	1	10
eowiki	Japan	5 to 99	1	10
eowiki	Jordan	5 to 99	1	10
eowiki	Netherlands	100 or more	1	10
eowiki	Netherlands	5 to 99	1	10
eowiki	New Zealand	5 to 99	1	10
eowiki	Poland	100 or more	1	10
eowiki	Poland	5 to 99	1	10
eowiki	Romania	5 to 99	1	10
eowiki	Singapore	5 to 99	1	10
eowiki	Slovakia	100 or more	1	10
eowiki	Spain	100 or more	1	10
eowiki	Spain	5 to 99	1	10
eowiki	Sweden	100 or more	1	10
eowiki	Sweden	5 to 99	1	10
eowiki	Switzerland	100 or more	1	10
eowiki	Switzerland	5 to 99	1	10
eowiki	Taiwan	5 to 99	1	10
eowiki	United Kingdom	100 or more	1	10
eowiki	United States	5 to 99	1	10
eowiki	unknown	5 to 99	1	10
eswiki	Andorra	5 to 99	1	10
eswiki	Argentina	100 or more	91	100
eswiki	Argentina	5 to 99	1391	1400
eswiki	Australia	100 or more	1	10
eswiki	Australia	5 to 99	1	10
eswiki	Austria	100 or more	1	10
eswiki	Austria	5 to 99	1	10
eswiki	Bangladesh	5 to 99	1	10
eswiki	Belgium	5 to 99	11	20
eswiki	Bolivia	100 or more	1	10
eswiki	Bolivia	5 to 99	81	90
eswiki	Bosnia and Herzegovina	5 to 99	1	10
eswiki	Brazil	100 or more	1	10
eswiki	Brazil	5 to 99	71	80
eswiki	Bulgaria	5 to 99	1	10
eswiki	Canada	100 or more	1	10
eswiki	Canada	5 to 99	21	30
eswiki	Chile	100 or more	61	70
eswiki	Chile	5 to 99	831	840
eswiki	Colombia	100 or more	31	40
eswiki	Colombia	5 to 99	911	920
eswiki	Costa Rica	100 or more	1	10
eswiki	Costa Rica	5 to 99	121	130
eswiki	Croatia	5 to 99	1	10
eswiki	Czech Republic	5 to 99	1	10
eswiki	Côte d'Ivoire	5 to 99	1	10
eswiki	Denmark	5 to 99	1	10
eswiki	Dominican Republic	100 or more	1	10
eswiki	Dominican Republic	5 to 99	111	120
eswiki	Ecuador	100 or more	11	20
eswiki	Ecuador	5 to 99	231	240
eswiki	El Salvador	100 or more	1	10
eswiki	El Salvador	5 to 99	71	80
eswiki	Estonia	5 to 99	1	10
eswiki	Finland	5 to 99	1	10
eswiki	France	100 or more	1	10
eswiki	France	5 to 99	61	70
eswiki	Germany	100 or more	1	10
eswiki	Germany	5 to 99	41	50
eswiki	Greece	5 to 99	1	10
eswiki	Guatemala	100 or more	1	10
eswiki	Guatemala	5 to 99	71	80
eswiki	Honduras	5 to 99	31	40
eswiki	Hong Kong	5 to 99	1	10
eswiki	Hungary	5 to 99	1	10
eswiki	India	5 to 99	1	10
eswiki	Indonesia	5 to 99	1	10
eswiki	Ireland	5 to 99	1	10
eswiki	Israel	5 to 99	1	10
eswiki	Italy	100 or more	1	10
eswiki	Italy	5 to 99	71	80
eswiki	Japan	100 or more	1	10
eswiki	Japan	5 to 99	11	20
eswiki	Jordan	5 to 99	1	10
eswiki	Kenya	5 to 99	1	10
eswiki	Kuwait	5 to 99	1	10
eswiki	Kyrgyzstan	5 to 99	1	10
eswiki	Luxembourg	5 to 99	1	10
eswiki	Malaysia	5 to 99	1	10
eswiki	Martinique	5 to 99	1	10
eswiki	Mexico	100 or more	61	70
eswiki	Mexico	5 to 99	1411	1420
eswiki	Montenegro	5 to 99	1	10
eswiki	Morocco	5 to 99	1	10
eswiki	Mozambique	5 to 99	1	10
eswiki	Netherlands	100 or more	1	10
eswiki	Netherlands	5 to 99	11	20
eswiki	New Zealand	5 to 99	1	10
eswiki	Nicaragua	100 or more	1	10
eswiki	Nicaragua	5 to 99	51	60
eswiki	Norway	5 to 99	1	10
eswiki	Panama	100 or more	1	10
eswiki	Panama	5 to 99	61	70
eswiki	Paraguay	100 or more	1	10
eswiki	Paraguay	5 to 99	101	110
eswiki	Peru	100 or more	21	30
eswiki	Peru	5 to 99	621	630
eswiki	Philippines	5 to 99	1	10
eswiki	Poland	5 to 99	1	10
eswiki	Portugal	5 to 99	11	20
eswiki	Puerto Rico	5 to 99	31	40
eswiki	Romania	5 to 99	1	10
eswiki	Serbia	5 to 99	1	10
eswiki	Singapore	5 to 99	1	10
eswiki	South Africa	5 to 99	1	10
eswiki	South Korea	5 to 99	1	10
eswiki	Spain	100 or more	221	230
eswiki	Spain	5 to 99	3571	3580
eswiki	Sweden	100 or more	1	10
eswiki	Sweden	5 to 99	11	20
eswiki	Switzerland	100 or more	1	10
eswiki	Switzerland	5 to 99	1	10
eswiki	Taiwan	100 or more	1	10
eswiki	Taiwan	5 to 99	1	10
eswiki	Tunisia	100 or more	1	10
eswiki	Ukraine	5 to 99	1	10
eswiki	United Kingdom	100 or more	1	10
eswiki	United Kingdom	5 to 99	31	40
eswiki	United States	100 or more	1	10
eswiki	United States	5 to 99	261	270
eswiki	Uruguay	100 or more	11	20
eswiki	Uruguay	5 to 99	221	230
eswiki	unknown	100 or more	1	10
eswiki	unknown	5 to 99	1	10
etwiki	Australia	5 to 99	1	10
etwiki	Estonia	100 or more	31	40
etwiki	Estonia	5 to 99	461	470
etwiki	Finland	100 or more	1	10
etwiki	Finland	5 to 99	1	10
etwiki	Germany	5 to 99	1	10
etwiki	Ireland	5 to 99	1	10
etwiki	Italy	5 to 99	1	10
etwiki	Sweden	100 or more	1	10
etwiki	Sweden	5 to 99	1	10
etwiki	Switzerland	5 to 99	1	10
etwiki	Ukraine	5 to 99	1	10
etwiki	United Kingdom	5 to 99	1	10
etwiki	United States	5 to 99	1	10
etwiki	unknown	100 or more	1	10
euwiki	Australia	5 to 99	1	10
euwiki	Canada	5 to 99	1	10
euwiki	Finland	5 to 99	1	10
euwiki	France	5 to 99	1	10
euwiki	Germany	100 or more	1	10
euwiki	Germany	5 to 99	1	10
euwiki	Ireland	5 to 99	1	10
euwiki	Mexico	5 to 99	1	10
euwiki	Panama	100 or more	1	10
euwiki	Spain	100 or more	21	30
euwiki	Spain	5 to 99	211	220
euwiki	Sweden	5 to 99	1	10
euwiki	United Kingdom	100 or more	1	10
euwiki	United States	5 to 99	1	10
extwiki	Italy	5 to 99	1	10
fawiki	Albania	100 or more	1	10
fawiki	Albania	5 to 99	1	10
fawiki	Australia	100 or more	1	10
fawiki	Australia	5 to 99	1	10
fawiki	Austria	100 or more	1	10
fawiki	Austria	5 to 99	1	10
fawiki	Belgium	5 to 99	1	10
fawiki	Bulgaria	5 to 99	1	10
fawiki	Canada	100 or more	1	10
fawiki	Canada	5 to 99	11	20
fawiki	Colombia	5 to 99	1	10
fawiki	Cyprus	5 to 99	1	10
fawiki	Czech Republic	100 or more	1	10
fawiki	Denmark	100 or more	1	10
fawiki	Denmark	5 to 99	1	10
fawiki	Finland	100 or more	1	10
fawiki	Finland	5 to 99	1	10
fawiki	France	100 or more	1	10
fawiki	France	5 to 99	11	20
fawiki	Germany	100 or more	1	10
fawiki	Germany	5 to 99	31	40
fawiki	Hungary	5 to 99	1	10
fawiki	India	5 to 99	1	10
fawiki	Indonesia	5 to 99	1	10
fawiki	Iraq	5 to 99	1	10
fawiki	Italy	100 or more	1	10
fawiki	Japan	100 or more	1	10
fawiki	Japan	5 to 99	1	10
fawiki	Jordan	5 to 99	1	10
fawiki	Latvia	5 to 99	1	10
fawiki	Malaysia	5 to 99	1	10
fawiki	Mexico	5 to 99	1	10
fawiki	Netherlands	100 or more	1	10
fawiki	Netherlands	5 to 99	21	30
fawiki	Norway	5 to 99	1	10
fawiki	Philippines	5 to 99	1	10
fawiki	Poland	5 to 99	1	10
fawiki	Portugal	5 to 99	1	10
fawiki	Romania	100 or more	1	10
fawiki	Romania	5 to 99	11	20
fawiki	Seychelles	5 to 99	1	10
fawiki	Singapore	100 or more	1	10
fawiki	Singapore	5 to 99	1	10
fawiki	Spain	5 to 99	1	10
fawiki	Sweden	100 or more	1	10
fawiki	Sweden	5 to 99	1	10
fawiki	Switzerland	5 to 99	1	10
fawiki	Tajikistan	5 to 99	1	10
fawiki	Ukraine	5 to 99	1	10
fawiki	United Kingdom	100 or more	1	10
fawiki	United Kingdom	5 to 99	21	30
fawiki	United States	100 or more	11	20
fawiki	United States	5 to 99	101	110
fawiki	unknown	100 or more	1	10
fiu_vrowiki	Estonia	5 to 99	1	10
fiwiki	Australia	5 to 99	1	10
fiwiki	Belgium	5 to 99	1	10
fiwiki	Canada	5 to 99	1	10
fiwiki	Colombia	5 to 99	1	10
fiwiki	Denmark	5 to 99	1	10
fiwiki	El Salvador	5 to 99	1	10
fiwiki	Estonia	5 to 99	1	10
fiwiki	Finland	100 or more	101	110
fiwiki	Finland	5 to 99	731	740
fiwiki	France	5 to 99	1	10
fiwiki	Germany	5 to 99	1	10
fiwiki	Israel	5 to 99	1	10
fiwiki	Italy	5 to 99	1	10
fiwiki	Japan	5 to 99	1	10
fiwiki	Luxembourg	5 to 99	1	10
fiwiki	Mexico	5 to 99	1	10
fiwiki	Morocco	5 to 99	1	10
fiwiki	Netherlands	5 to 99	1	10
fiwiki	Norway	100 or more	1	10
fiwiki	Norway	5 to 99	1	10
fiwiki	South Korea	5 to 99	1	10
fiwiki	Sweden	5 to 99	1	10
fiwiki	Switzerland	5 to 99	1	10
fiwiki	United Kingdom	5 to 99	1	10
fiwiki	United States	5 to 99	1	10
fiwiki	unknown	5 to 99	1	10
fowiki	Denmark	5 to 99	1	10
fowiki	Faroe Islands	5 to 99	1	10
fowiki	Jamaica	5 to 99	1	10
fowiki	Sweden	5 to 99	1	10
fowiki	United States	5 to 99	1	10
fowiki	unknown	5 to 99	1	10
frpwiki	Brazil	5 to 99	1	10
frpwiki	France	5 to 99	1	10
frpwiki	Germany	100 or more	1	10
frpwiki	Poland	5 to 99	1	10
frrwiki	Australia	100 or more	1	10
frrwiki	Germany	100 or more	1	10
frwiki	Algeria	100 or more	1	10
frwiki	Algeria	5 to 99	151	160
frwiki	Argentina	5 to 99	1	10
frwiki	Armenia	5 to 99	1	10
frwiki	Australia	100 or more	1	10
frwiki	Australia	5 to 99	1	10
frwiki	Austria	5 to 99	1	10
frwiki	Belgium	100 or more	41	50
frwiki	Belgium	5 to 99	411	420
frwiki	Benin	5 to 99	21	30
frwiki	Brazil	5 to 99	21	30
frwiki	Bulgaria	5 to 99	1	10
frwiki	Burkina Faso	5 to 99	1	10
frwiki	Burundi	5 to 99	1	10
frwiki	Cambodia	100 or more	1	10
frwiki	Cambodia	5 to 99	1	10
frwiki	Cameroon	5 to 99	11	20
frwiki	Canada	100 or more	41	50
frwiki	Canada	5 to 99	461	470
frwiki	Chad	5 to 99	1	10
frwiki	Chile	100 or more	1	10
frwiki	Chile	5 to 99	1	10
frwiki	Colombia	100 or more	1	10
frwiki	Colombia	5 to 99	1	10
frwiki	Costa Rica	5 to 99	1	10
frwiki	Czech Republic	100 or more	1	10
frwiki	Czech Republic	5 to 99	1	10
frwiki	Côte d'Ivoire	5 to 99	21	30
frwiki	Democratic Republic of the Congo	100 or more	1	10
frwiki	Democratic Republic of the Congo	5 to 99	11	20
frwiki	Denmark	5 to 99	1	10
frwiki	Dominican Republic	5 to 99	1	10
frwiki	Ecuador	5 to 99	1	10
frwiki	El Salvador	5 to 99	1	10
frwiki	Estonia	5 to 99	1	10
frwiki	Finland	5 to 99	1	10
frwiki	France	100 or more	761	770
frwiki	France	5 to 99	5621	5630
frwiki	French Guiana	5 to 99	1	10
frwiki	French Polynesia	100 or more	1	10
frwiki	French Polynesia	5 to 99	11	20
frwiki	Gabon	5 to 99	1	10
frwiki	Georgia	5 to 99	1	10
frwiki	Germany	100 or more	1	10
frwiki	Germany	5 to 99	81	90
frwiki	Ghana	5 to 99	1	10
frwiki	Greece	100 or more	1	10
frwiki	Greece	5 to 99	1	10
frwiki	Guadeloupe	5 to 99	11	20
frwiki	Guatemala	5 to 99	1	10
frwiki	Guinea	5 to 99	1	10
frwiki	Haiti	5 to 99	1	10
frwiki	Hong Kong	5 to 99	1	10
frwiki	Hungary	5 to 99	1	10
frwiki	Iceland	5 to 99	1	10
frwiki	India	5 to 99	1	10
frwiki	Indonesia	5 to 99	1	10
frwiki	Ireland	5 to 99	1	10
frwiki	Israel	100 or more	1	10
frwiki	Israel	5 to 99	11	20
frwiki	Italy	100 or more	1	10
frwiki	Italy	5 to 99	81	90
frwiki	Japan	100 or more	1	10
frwiki	Japan	5 to 99	31	40
frwiki	Jordan	5 to 99	1	10
frwiki	Kuwait	5 to 99	1	10
frwiki	Latvia	5 to 99	11	20
frwiki	Lebanon	5 to 99	1	10
frwiki	Lithuania	5 to 99	1	10
frwiki	Luxembourg	100 or more	1	10
frwiki	Luxembourg	5 to 99	11	20
frwiki	Madagascar	100 or more	1	10
frwiki	Madagascar	5 to 99	1	10
frwiki	Malaysia	5 to 99	1	10
frwiki	Mali	5 to 99	1	10
frwiki	Malta	5 to 99	1	10
frwiki	Martinique	5 to 99	11	20
frwiki	Mauritania	5 to 99	1	10
frwiki	Mauritius	5 to 99	1	10
frwiki	Mayotte	100 or more	1	10
frwiki	Mexico	5 to 99	11	20
frwiki	Moldova	5 to 99	1	10
frwiki	Monaco	5 to 99	1	10
frwiki	Morocco	100 or more	1	10
frwiki	Morocco	5 to 99	81	90
frwiki	Netherlands	100 or more	1	10
frwiki	Netherlands	5 to 99	31	40
frwiki	New Caledonia	5 to 99	1	10
frwiki	New Zealand	5 to 99	1	10
frwiki	Niger	5 to 99	1	10
frwiki	Norway	5 to 99	1	10
frwiki	Panama	5 to 99	1	10
frwiki	Paraguay	5 to 99	1	10
frwiki	Peru	100 or more	1	10
frwiki	Peru	5 to 99	1	10
frwiki	Philippines	5 to 99	1	10
frwiki	Poland	5 to 99	21	30
frwiki	Portugal	5 to 99	11	20
frwiki	Republic of the Congo	5 to 99	1	10
frwiki	Romania	5 to 99	11	20
frwiki	Rwanda	5 to 99	1	10
frwiki	Réunion	100 or more	1	10
frwiki	Réunion	5 to 99	31	40
frwiki	Saint Pierre and Miquelon	5 to 99	1	10
frwiki	Senegal	100 or more	1	10
frwiki	Senegal	5 to 99	1	10
frwiki	Serbia	5 to 99	1	10
frwiki	Singapore	100 or more	1	10
frwiki	Singapore	5 to 99	1	10
frwiki	Sint Maarten	5 to 99	1	10
frwiki	Slovakia	5 to 99	1	10
frwiki	South Korea	5 to 99	11	20
frwiki	Spain	100 or more	1	10
frwiki	Spain	5 to 99	91	100
frwiki	Sri Lanka	5 to 99	1	10
frwiki	Sweden	5 to 99	11	20
frwiki	Switzerland	100 or more	21	30
frwiki	Switzerland	5 to 99	261	270
frwiki	Taiwan	5 to 99	1	10
frwiki	Togo	5 to 99	1	10
frwiki	Tunisia	100 or more	1	10
frwiki	Tunisia	5 to 99	41	50
frwiki	Ukraine	5 to 99	11	20
frwiki	United Kingdom	100 or more	1	10
frwiki	United Kingdom	5 to 99	71	80
frwiki	United States	100 or more	1	10
frwiki	United States	5 to 99	111	120
frwiki	Uruguay	5 to 99	1	10
frwiki	unknown	100 or more	1	10
frwiki	unknown	5 to 99	11	20
furwiki	Italy	100 or more	1	10
furwiki	Italy	5 to 99	1	10
fywiki	Australia	5 to 99	1	10
fywiki	Belgium	5 to 99	1	10
fywiki	Estonia	100 or more	1	10
fywiki	Germany	5 to 99	1	10
fywiki	Netherlands	100 or more	1	10
fywiki	Netherlands	5 to 99	1	10
fywiki	unknown	5 to 99	1	10
gagwiki	Austria	5 to 99	1	10
gagwiki	Germany	5 to 99	1	10
ganwiki	Singapore	5 to 99	1	10
gawiki	Australia	5 to 99	1	10
gawiki	Belgium	5 to 99	1	10
gawiki	Finland	5 to 99	1	10
gawiki	France	100 or more	1	10
gawiki	France	5 to 99	1	10
gawiki	Germany	5 to 99	1	10
gawiki	Ireland	100 or more	1	10
gawiki	Ireland	5 to 99	11	20
gawiki	United Kingdom	5 to 99	1	10
gawiki	United States	100 or more	1	10
gawiki	United States	5 to 99	1	10
gawiki	unknown	5 to 99	1	10
gdwiki	United Kingdom	100 or more	1	10
gdwiki	United Kingdom	5 to 99	1	10
glwiki	Argentina	5 to 99	1	10
glwiki	Australia	5 to 99	1	10
glwiki	Belgium	5 to 99	1	10
glwiki	Brazil	5 to 99	1	10
glwiki	Canada	5 to 99	1	10
glwiki	Germany	100 or more	1	10
glwiki	Germany	5 to 99	1	10
glwiki	Italy	5 to 99	1	10
glwiki	Jordan	5 to 99	1	10
glwiki	Mexico	5 to 99	1	10
glwiki	Portugal	5 to 99	1	10
glwiki	Spain	100 or more	31	40
glwiki	Spain	5 to 99	111	120
glwiki	Sweden	100 or more	1	10
glwiki	Sweden	5 to 99	1	10
glwiki	Switzerland	5 to 99	1	10
glwiki	United Kingdom	100 or more	1	10
glwiki	United Kingdom	5 to 99	1	10
glwiki	United States	5 to 99	1	10
glwiki	unknown	100 or more	1	10
gnwiki	Brazil	100 or more	1	10
gomwiki	India	5 to 99	1	10
guwiki	Canada	5 to 99	1	10
guwiki	India	100 or more	1	10
guwiki	India	5 to 99	11	20
guwiki	United Kingdom	5 to 99	1	10
guwiki	United States	5 to 99	1	10
guwiki	unknown	5 to 99	1	10
gvwiki	Albania	5 to 99	1	10
hakwiki	Taiwan	100 or more	1	10
hakwiki	Taiwan	5 to 99	1	10
hakwiki	unknown	5 to 99	1	10
hawiki	Brazil	5 to 99	1	10
hawiki	France	100 or more	1	10
hawiki	Ireland	5 to 99	1	10
hawiki	Netherlands	5 to 99	1	10
hawiki	Nigeria	5 to 99	1	10
hawiki	United Kingdom	5 to 99	1	10
hawiki	United States	5 to 99	1	10
hawwiki	Brazil	100 or more	1	10
hawwiki	Canada	5 to 99	1	10
hawwiki	South Korea	5 to 99	1	10
hawwiki	United Kingdom	5 to 99	1	10
hewiki	Australia	5 to 99	1	10
hewiki	Belgium	5 to 99	1	10
hewiki	Brazil	5 to 99	1	10
hewiki	Canada	100 or more	1	10
hewiki	Canada	5 to 99	1	10
hewiki	Cyprus	5 to 99	1	10
hewiki	Côte d'Ivoire	5 to 99	1	10
hewiki	Denmark	5 to 99	1	10
hewiki	El Salvador	5 to 99	1	10
hewiki	France	5 to 99	1	10
hewiki	Germany	100 or more	1	10
hewiki	Germany	5 to 99	11	20
hewiki	Greece	5 to 99	1	10
hewiki	Hong Kong	5 to 99	1	10
hewiki	India	5 to 99	1	10
hewiki	Israel	100 or more	191	200
hewiki	Israel	5 to 99	1501	1510
hewiki	Japan	5 to 99	1	10
hewiki	Macao	100 or more	1	10
hewiki	Netherlands	5 to 99	1	10
hewiki	New Zealand	5 to 99	1	10
hewiki	Nigeria	5 to 99	1	10
hewiki	Philippines	5 to 99	1	10
hewiki	Poland	5 to 99	1	10
hewiki	Slovakia	5 to 99	1	10
hewiki	Spain	5 to 99	1	10
hewiki	Switzerland	100 or more	1	10
hewiki	Switzerland	5 to 99	1	10
hewiki	Ukraine	5 to 99	1	10
hewiki	United Kingdom	100 or more	1	10
hewiki	United Kingdom	5 to 99	1	10
hewiki	United States	100 or more	1	10
hewiki	United States	5 to 99	21	30
hewiki	unknown	100 or more	1	10
hewiki	unknown	5 to 99	1	10
hifwiki	Belgium	5 to 99	1	10
hifwiki	Brazil	100 or more	1	10
hifwiki	India	5 to 99	1	10
hifwiki	United Kingdom	5 to 99	1	10
hifwiki	United States	5 to 99	1	10
hifwiki	Zambia	5 to 99	1	10
hiwiki	Bangladesh	5 to 99	1	10
hiwiki	Belgium	5 to 99	1	10
hiwiki	Canada	5 to 99	1	10
hiwiki	Hong Kong	5 to 99	1	10
hiwiki	India	100 or more	21	30
hiwiki	India	5 to 99	221	230
hiwiki	Italy	5 to 99	1	10
hiwiki	Nepal	5 to 99	1	10
hiwiki	Panama	5 to 99	1	10
hiwiki	South Africa	5 to 99	1	10
hiwiki	Spain	5 to 99	1	10
hiwiki	United Kingdom	5 to 99	1	10
hiwiki	United States	100 or more	1	10
hiwiki	United States	5 to 99	1	10
hiwiki	unknown	5 to 99	1	10
hrwiki	Australia	5 to 99	1	10
hrwiki	Austria	100 or more	1	10
hrwiki	Belgium	5 to 99	1	10
hrwiki	Bosnia and Herzegovina	100 or more	1	10
hrwiki	Bosnia and Herzegovina	5 to 99	21	30
hrwiki	Colombia	5 to 99	1	10
hrwiki	Croatia	100 or more	11	20
hrwiki	Croatia	5 to 99	151	160
hrwiki	France	5 to 99	1	10
hrwiki	Germany	100 or more	1	10
hrwiki	Germany	5 to 99	1	10
hrwiki	Hungary	5 to 99	1	10
hrwiki	Italy	5 to 99	1	10
hrwiki	Jordan	5 to 99	1	10
hrwiki	Liberia	5 to 99	1	10
hrwiki	Lithuania	5 to 99	1	10
hrwiki	Luxembourg	5 to 99	1	10
hrwiki	Montenegro	5 to 99	1	10
hrwiki	Poland	5 to 99	1	10
hrwiki	Serbia	5 to 99	11	20
hrwiki	Slovenia	5 to 99	1	10
hrwiki	Spain	5 to 99	1	10
hrwiki	Sweden	5 to 99	1	10
hrwiki	United Kingdom	100 or more	1	10
hrwiki	United States	5 to 99	1	10
hsbwiki	Bosnia and Herzegovina	5 to 99	1	10
hsbwiki	Czech Republic	5 to 99	1	10
hsbwiki	Germany	100 or more	1	10
hsbwiki	unknown	5 to 99	1	10
htwiki	Canada	5 to 99	1	10
htwiki	France	100 or more	1	10
htwiki	Haiti	5 to 99	1	10
htwiki	United Kingdom	5 to 99	1	10
huwiki	Australia	5 to 99	1	10
huwiki	Austria	100 or more	1	10
huwiki	Austria	5 to 99	1	10
huwiki	Belgium	5 to 99	1	10
huwiki	Canada	100 or more	1	10
huwiki	Colombia	5 to 99	1	10
huwiki	Czech Republic	5 to 99	1	10
huwiki	France	100 or more	1	10
huwiki	France	5 to 99	1	10
huwiki	Germany	100 or more	1	10
huwiki	Germany	5 to 99	11	20
huwiki	Hungary	100 or more	121	130
huwiki	Hungary	5 to 99	651	660
huwiki	Indonesia	5 to 99	1	10
huwiki	Israel	5 to 99	1	10
huwiki	Italy	5 to 99	1	10
huwiki	Japan	5 to 99	1	10
huwiki	Macedonia	5 to 99	1	10
huwiki	Malaysia	5 to 99	1	10
huwiki	Malta	5 to 99	1	10
huwiki	Mexico	5 to 99	1	10
huwiki	Netherlands	5 to 99	1	10
huwiki	Norway	5 to 99	1	10
huwiki	Poland	5 to 99	1	10
huwiki	Puerto Rico	5 to 99	1	10
huwiki	Romania	100 or more	1	10
huwiki	Romania	5 to 99	11	20
huwiki	Serbia	5 to 99	1	10
huwiki	Slovakia	100 or more	1	10
huwiki	Slovakia	5 to 99	11	20
huwiki	Slovenia	5 to 99	1	10
huwiki	South Korea	5 to 99	1	10
huwiki	Spain	5 to 99	1	10
huwiki	Sri Lanka	5 to 99	1	10
huwiki	Sweden	100 or more	1	10
huwiki	Switzerland	100 or more	1	10
huwiki	Switzerland	5 to 99	1	10
huwiki	Ukraine	5 to 99	1	10
huwiki	United Kingdom	100 or more	1	10
huwiki	United Kingdom	5 to 99	11	20
huwiki	United States	100 or more	1	10
huwiki	United States	5 to 99	1	10
huwiki	unknown	100 or more	1	10
huwiki	unknown	5 to 99	1	10
hywiki	Armenia	100 or more	31	40
hywiki	Armenia	5 to 99	221	230
hywiki	Austria	5 to 99	1	10
hywiki	Belgium	5 to 99	1	10
hywiki	Denmark	5 to 99	1	10
hywiki	France	5 to 99	1	10
hywiki	Georgia	5 to 99	1	10
hywiki	Germany	5 to 99	1	10
hywiki	Greece	5 to 99	1	10
hywiki	Lebanon	5 to 99	1	10
hywiki	Poland	5 to 99	1	10
hywiki	Qatar	5 to 99	1	10
hywiki	Romania	5 to 99	1	10
hywiki	Ukraine	5 to 99	1	10
hywiki	United Kingdom	100 or more	1	10
hywiki	United Kingdom	5 to 99	1	10
hywiki	United States	100 or more	1	10
hywiki	United States	5 to 99	1	10
hywiki	unknown	100 or more	1	10
iawiki	Philippines	5 to 99	1	10
iawiki	United States	5 to 99	1	10
idwiki	Australia	5 to 99	1	10
idwiki	Austria	100 or more	1	10
idwiki	Austria	5 to 99	1	10
idwiki	Belgium	5 to 99	1	10
idwiki	Brunei	5 to 99	1	10
idwiki	Cambodia	5 to 99	1	10
idwiki	Colombia	5 to 99	1	10
idwiki	France	100 or more	1	10
idwiki	France	5 to 99	1	10
idwiki	Germany	5 to 99	1	10
idwiki	India	5 to 99	1	10
idwiki	Indonesia	100 or more	51	60
idwiki	Indonesia	5 to 99	741	750
idwiki	Ireland	5 to 99	1	10
idwiki	Israel	5 to 99	1	10
idwiki	Italy	5 to 99	1	10
idwiki	Japan	5 to 99	1	10
idwiki	Kyrgyzstan	5 to 99	1	10
idwiki	Malaysia	5 to 99	1	10
idwiki	Mexico	5 to 99	1	10
idwiki	Netherlands	5 to 99	1	10
idwiki	Philippines	100 or more	1	10
idwiki	Philippines	5 to 99	1	10
idwiki	Poland	5 to 99	1	10
idwiki	Singapore	5 to 99	1	10
idwiki	South Korea	5 to 99	1	10
idwiki	Spain	5 to 99	1	10
idwiki	Sweden	5 to 99	1	10
idwiki	Switzerland	5 to 99	1	10
idwiki	United Kingdom	5 to 99	1	10
idwiki	United States	100 or more	1	10
idwiki	United States	5 to 99	11	20
idwiki	unknown	100 or more	1	10
idwiki	unknown	5 to 99	1	10
iewiki	Brazil	5 to 99	1	10
iewiki	Germany	5 to 99	1	10
iewiki	United States	5 to 99	1	10
iewiki	unknown	5 to 99	1	10
igwiki	Nigeria	5 to 99	1	10
igwiki	United Kingdom	100 or more	1	10
igwiki	United Kingdom	5 to 99	1	10
ilowiki	Philippines	5 to 99	1	10
ilowiki	United Kingdom	5 to 99	1	10
ilowiki	United States	100 or more	1	10
ilowiki	United States	5 to 99	1	10
ilowiki	unknown	5 to 99	1	10
iowiki	Brazil	100 or more	1	10
iowiki	Canada	5 to 99	1	10
iowiki	Italy	5 to 99	1	10
iowiki	Netherlands	5 to 99	1	10
iowiki	United Kingdom	5 to 99	1	10
iowiki	United States	5 to 99	1	10
iowiki	unknown	5 to 99	1	10
iswiki	Belgium	100 or more	1	10
iswiki	Germany	5 to 99	1	10
iswiki	Iceland	100 or more	1	10
iswiki	Iceland	5 to 99	41	50
iswiki	Luxembourg	5 to 99	1	10
iswiki	Netherlands	5 to 99	1	10
iswiki	Norway	5 to 99	1	10
iswiki	Philippines	100 or more	1	10
iswiki	Philippines	5 to 99	1	10
iswiki	Poland	5 to 99	1	10
iswiki	Switzerland	5 to 99	1	10
iswiki	United Kingdom	5 to 99	1	10
iswiki	United States	5 to 99	1	10
itwiki	Argentina	5 to 99	1	10
itwiki	Australia	5 to 99	1	10
itwiki	Austria	100 or more	1	10
itwiki	Austria	5 to 99	1	10
itwiki	Belgium	100 or more	1	10
itwiki	Belgium	5 to 99	11	20
itwiki	Bosnia and Herzegovina	5 to 99	1	10
itwiki	Brazil	100 or more	1	10
itwiki	Brazil	5 to 99	11	20
itwiki	Bulgaria	5 to 99	1	10
itwiki	Canada	5 to 99	1	10
itwiki	Chile	100 or more	1	10
itwiki	Chile	5 to 99	1	10
itwiki	Colombia	100 or more	1	10
itwiki	Colombia	5 to 99	1	10
itwiki	Croatia	5 to 99	1	10
itwiki	Cyprus	5 to 99	1	10
itwiki	Czech Republic	5 to 99	1	10
itwiki	Denmark	5 to 99	1	10
itwiki	Ecuador	100 or more	1	10
itwiki	Ecuador	5 to 99	1	10
itwiki	El Salvador	5 to 99	1	10
itwiki	Estonia	5 to 99	1	10
itwiki	Finland	5 to 99	1	10
itwiki	France	100 or more	1	10
itwiki	France	5 to 99	51	60
itwiki	Germany	100 or more	1	10
itwiki	Germany	5 to 99	41	50
itwiki	Greece	5 to 99	1	10
itwiki	Guatemala	5 to 99	1	10
itwiki	Hong Kong	5 to 99	1	10
itwiki	Hungary	5 to 99	1	10
itwiki	Iceland	5 to 99	1	10
itwiki	India	5 to 99	1	10
itwiki	Indonesia	5 to 99	1	10
itwiki	Ireland	100 or more	1	10
itwiki	Ireland	5 to 99	1	10
itwiki	Israel	100 or more	1	10
itwiki	Israel	5 to 99	1	10
itwiki	Italy	100 or more	521	530
itwiki	Italy	5 to 99	6031	6040
itwiki	Japan	100 or more	1	10
itwiki	Japan	5 to 99	11	20
itwiki	Jordan	100 or more	1	10
itwiki	Lithuania	5 to 99	1	10
itwiki	Luxembourg	5 to 99	1	10
itwiki	Malaysia	100 or more	1	10
itwiki	Malaysia	5 to 99	1	10
itwiki	Malta	5 to 99	1	10
itwiki	Mexico	100 or more	1	10
itwiki	Mexico	5 to 99	1	10
itwiki	Moldova	5 to 99	1	10
itwiki	Netherlands	100 or more	1	10
itwiki	Netherlands	5 to 99	11	20
itwiki	New Zealand	5 to 99	1	10
itwiki	Peru	5 to 99	1	10
itwiki	Philippines	5 to 99	1	10
itwiki	Poland	5 to 99	1	10
itwiki	Portugal	5 to 99	1	10
itwiki	Puerto Rico	5 to 99	1	10
itwiki	Romania	100 or more	1	10
itwiki	Romania	5 to 99	1	10
itwiki	Saint Lucia	5 to 99	1	10
itwiki	Serbia	5 to 99	1	10
itwiki	Singapore	5 to 99	1	10
itwiki	Slovakia	100 or more	1	10
itwiki	Slovakia	5 to 99	1	10
itwiki	Slovenia	5 to 99	1	10
itwiki	South Africa	5 to 99	1	10
itwiki	Spain	100 or more	1	10
itwiki	Spain	5 to 99	41	50
itwiki	Sri Lanka	5 to 99	1	10
itwiki	Sweden	5 to 99	1	10
itwiki	Switzerland	100 or more	1	10
itwiki	Switzerland	5 to 99	71	80
itwiki	Taiwan	5 to 99	1	10
itwiki	Ukraine	100 or more	1	10
itwiki	Ukraine	5 to 99	1	10
itwiki	United Kingdom	100 or more	1	10
itwiki	United Kingdom	5 to 99	41	50
itwiki	United States	100 or more	1	10
itwiki	United States	5 to 99	31	40
itwiki	Uruguay	5 to 99	1	10
itwiki	unknown	100 or more	1	10
itwiki	unknown	5 to 99	1	10
iuwiki	United States	5 to 99	1	10
jamwiki	Jamaica	5 to 99	1	10
jamwiki	United Kingdom	5 to 99	1	10
jamwiki	United States	5 to 99	1	10
jawiki	Australia	100 or more	1	10
jawiki	Australia	5 to 99	1	10
jawiki	Austria	5 to 99	1	10
jawiki	Bangladesh	5 to 99	1	10
jawiki	Belgium	5 to 99	1	10
jawiki	Brazil	5 to 99	1	10
jawiki	Bulgaria	5 to 99	1	10
jawiki	Canada	100 or more	1	10
jawiki	Canada	5 to 99	11	20
jawiki	Chile	5 to 99	1	10
jawiki	Colombia	5 to 99	1	10
jawiki	Czech Republic	5 to 99	1	10
jawiki	Denmark	5 to 99	1	10
jawiki	El Salvador	5 to 99	1	10
jawiki	Finland	5 to 99	1	10
jawiki	France	5 to 99	1	10
jawiki	Germany	5 to 99	21	30
jawiki	Greece	5 to 99	1	10
jawiki	Hong Kong	100 or more	1	10
jawiki	Hong Kong	5 to 99	31	40
jawiki	India	5 to 99	1	10
jawiki	Indonesia	5 to 99	1	10
jawiki	Israel	5 to 99	1	10
jawiki	Italy	5 to 99	11	20
jawiki	Japan	100 or more	521	530
jawiki	Japan	5 to 99	7531	7540
jawiki	Jordan	5 to 99	1	10
jawiki	Luxembourg	5 to 99	1	10
jawiki	Malaysia	5 to 99	1	10
jawiki	Mexico	5 to 99	1	10
jawiki	Netherlands	100 or more	1	10
jawiki	Netherlands	5 to 99	1	10
jawiki	New Zealand	5 to 99	1	10
jawiki	Philippines	5 to 99	1	10
jawiki	Poland	5 to 99	1	10
jawiki	Romania	5 to 99	1	10
jawiki	Serbia	5 to 99	1	10
jawiki	Singapore	5 to 99	1	10
jawiki	Slovenia	5 to 99	1	10
jawiki	South Korea	100 or more	1	10
jawiki	South Korea	5 to 99	41	50
jawiki	Spain	5 to 99	1	10
jawiki	Sweden	5 to 99	1	10
jawiki	Switzerland	5 to 99	1	10
jawiki	Taiwan	100 or more	1	10
jawiki	Taiwan	5 to 99	91	100
jawiki	Ukraine	5 to 99	1	10
jawiki	United Kingdom	100 or more	1	10
jawiki	United Kingdom	5 to 99	21	30
jawiki	United States	100 or more	1	10
jawiki	United States	5 to 99	81	90
jawiki	unknown	100 or more	1	10
jawiki	unknown	5 to 99	1	10
jbowiki	Canada	5 to 99	1	10
jbowiki	United Kingdom	5 to 99	1	10
jvwiki	Germany	5 to 99	1	10
jvwiki	Indonesia	5 to 99	21	30
jvwiki	Malaysia	5 to 99	1	10
jvwiki	Netherlands	5 to 99	1	10
jvwiki	United Kingdom	5 to 99	1	10
jvwiki	unknown	5 to 99	1	10
kabwiki	Algeria	100 or more	1	10
kabwiki	Algeria	5 to 99	11	20
kabwiki	France	100 or more	1	10
kabwiki	Morocco	5 to 99	1	10
kawiki	Brazil	5 to 99	1	10
kawiki	Georgia	100 or more	11	20
kawiki	Georgia	5 to 99	71	80
kawiki	Germany	100 or more	1	10
kawiki	Germany	5 to 99	1	10
kawiki	Mexico	5 to 99	1	10
kawiki	Romania	5 to 99	1	10
kawiki	Sweden	5 to 99	1	10
kawiki	United Kingdom	5 to 99	1	10
kawiki	unknown	5 to 99	1	10
kiwiki	Kenya	5 to 99	1	10
kkwiki	Germany	5 to 99	1	10
kkwiki	Malaysia	5 to 99	1	10
kkwiki	Poland	5 to 99	1	10
kkwiki	United Kingdom	5 to 99	1	10
kkwiki	United States	5 to 99	1	10
kkwiki	unknown	5 to 99	1	10
klwiki	Spain	5 to 99	1	10
kmwiki	Cambodia	100 or more	1	10
kmwiki	Cambodia	5 to 99	1	10
kmwiki	United Kingdom	5 to 99	1	10
kmwiki	unknown	5 to 99	1	10
knwiki	India	100 or more	1	10
knwiki	India	5 to 99	51	60
knwiki	Mexico	5 to 99	1	10
knwiki	Switzerland	5 to 99	1	10
knwiki	United States	5 to 99	1	10
knwiki	unknown	5 to 99	1	10
koiwiki	United States	5 to 99	1	10
kowiki	Australia	5 to 99	1	10
kowiki	Austria	100 or more	1	10
kowiki	Bangladesh	5 to 99	1	10
kowiki	Brazil	5 to 99	1	10
kowiki	Canada	100 or more	1	10
kowiki	Canada	5 to 99	11	20
kowiki	El Salvador	5 to 99	1	10
kowiki	Finland	5 to 99	1	10
kowiki	France	5 to 99	1	10
kowiki	Germany	5 to 99	1	10
kowiki	Hong Kong	100 or more	1	10
kowiki	Hong Kong	5 to 99	1	10
kowiki	Hungary	5 to 99	1	10
kowiki	India	5 to 99	1	10
kowiki	Indonesia	5 to 99	1	10
kowiki	Israel	100 or more	1	10
kowiki	Israel	5 to 99	1	10
kowiki	Italy	5 to 99	1	10
kowiki	Japan	5 to 99	21	30
kowiki	Jordan	5 to 99	1	10
kowiki	Malaysia	5 to 99	1	10
kowiki	Moldova	5 to 99	1	10
kowiki	Netherlands	5 to 99	1	10
kowiki	Norway	5 to 99	1	10
kowiki	Philippines	5 to 99	1	10
kowiki	Poland	5 to 99	1	10
kowiki	Singapore	5 to 99	1	10
kowiki	South Korea	100 or more	161	170
kowiki	South Korea	5 to 99	1771	1780
kowiki	Spain	5 to 99	1	10
kowiki	Sweden	5 to 99	1	10
kowiki	Switzerland	5 to 99	1	10
kowiki	Taiwan	100 or more	1	10
kowiki	Taiwan	5 to 99	1	10
kowiki	United Kingdom	5 to 99	1	10
kowiki	United States	100 or more	1	10
kowiki	United States	5 to 99	21	30
kowiki	unknown	100 or more	1	10
kuwiki	Australia	5 to 99	1	10
kuwiki	France	100 or more	1	10
kuwiki	Germany	100 or more	1	10
kuwiki	Germany	5 to 99	1	10
kuwiki	Hong Kong	5 to 99	1	10
kuwiki	Iraq	5 to 99	1	10
kuwiki	Romania	5 to 99	1	10
kuwiki	Spain	100 or more	1	10
kuwiki	Sweden	5 to 99	1	10
kuwiki	United States	5 to 99	1	10
kuwiki	unknown	5 to 99	1	10
kvwiki	United States	5 to 99	1	10
kwwiki	United States	100 or more	1	10
kywiki	Czech Republic	5 to 99	1	10
kywiki	France	100 or more	1	10
kywiki	Germany	5 to 99	1	10
kywiki	Kyrgyzstan	5 to 99	11	20
kywiki	United Kingdom	5 to 99	1	10
kywiki	United States	5 to 99	1	10
kywiki	unknown	5 to 99	1	10
ladwiki	Brazil	5 to 99	1	10
ladwiki	Israel	5 to 99	1	10
ladwiki	Spain	5 to 99	1	10
lawiki	Australia	5 to 99	1	10
lawiki	Austria	5 to 99	1	10
lawiki	Belgium	5 to 99	1	10
lawiki	Brazil	5 to 99	1	10
lawiki	Finland	100 or more	1	10
lawiki	Finland	5 to 99	1	10
lawiki	France	100 or more	1	10
lawiki	France	5 to 99	1	10
lawiki	Germany	100 or more	1	10
lawiki	Germany	5 to 99	1	10
lawiki	Israel	5 to 99	1	10
lawiki	Italy	5 to 99	1	10
lawiki	Japan	100 or more	1	10
lawiki	Philippines	5 to 99	1	10
lawiki	Poland	5 to 99	1	10
lawiki	Romania	5 to 99	1	10
lawiki	Spain	5 to 99	1	10
lawiki	United Kingdom	5 to 99	1	10
lawiki	United States	100 or more	1	10
lawiki	United States	5 to 99	1	10
lawiki	unknown	5 to 99	1	10
lbewiki	Germany	5 to 99	1	10
lbewiki	Netherlands	5 to 99	1	10
lbwiki	Belgium	100 or more	1	10
lbwiki	Belgium	5 to 99	1	10
lbwiki	France	5 to 99	1	10
lbwiki	Germany	5 to 99	1	10
lbwiki	Luxembourg	100 or more	1	10
lbwiki	Luxembourg	5 to 99	11	20
lbwiki	Netherlands	5 to 99	1	10
lgwiki	Uganda	5 to 99	1	10
lgwiki	United Kingdom	5 to 99	1	10
lijwiki	France	5 to 99	1	10
lijwiki	Italy	100 or more	1	10
lijwiki	Italy	5 to 99	1	10
lijwiki	Netherlands	5 to 99	1	10
lijwiki	Sweden	5 to 99	1	10
lijwiki	United Kingdom	5 to 99	1	10
liwiki	Estonia	5 to 99	1	10
liwiki	Netherlands	100 or more	1	10
liwiki	Netherlands	5 to 99	1	10
liwiki	unknown	5 to 99	1	10
lmowiki	France	5 to 99	1	10
lmowiki	Germany	5 to 99	1	10
lmowiki	Italy	100 or more	1	10
lmowiki	Italy	5 to 99	1	10
lmowiki	Poland	5 to 99	1	10
lmowiki	United States	5 to 99	1	10
lmowiki	unknown	5 to 99	1	10
lnwiki	Canada	5 to 99	1	10
lnwiki	Switzerland	5 to 99	1	10
lowiki	Australia	5 to 99	1	10
lowiki	Germany	5 to 99	1	10
lowiki	Israel	5 to 99	1	10
lrcwiki	Romania	100 or more	1	10
lrcwiki	United States	5 to 99	1	10
ltgwiki	Latvia	5 to 99	1	10
ltwiki	Australia	5 to 99	1	10
ltwiki	Belgium	5 to 99	1	10
ltwiki	Denmark	5 to 99	1	10
ltwiki	Germany	5 to 99	1	10
ltwiki	Indonesia	5 to 99	1	10
ltwiki	Japan	5 to 99	1	10
ltwiki	Latvia	5 to 99	1	10
ltwiki	Lithuania	100 or more	11	20
ltwiki	Lithuania	5 to 99	131	140
ltwiki	Netherlands	5 to 99	1	10
ltwiki	Poland	5 to 99	1	10
ltwiki	Spain	5 to 99	1	10
ltwiki	Sweden	5 to 99	1	10
ltwiki	Switzerland	5 to 99	1	10
ltwiki	Ukraine	5 to 99	1	10
ltwiki	United Kingdom	5 to 99	1	10
ltwiki	United States	5 to 99	1	10
ltwiki	unknown	5 to 99	1	10
lvwiki	Australia	5 to 99	1	10
lvwiki	Belgium	5 to 99	1	10
lvwiki	Cambodia	5 to 99	1	10
lvwiki	Estonia	5 to 99	1	10
lvwiki	Finland	5 to 99	1	10
lvwiki	Germany	5 to 99	1	10
lvwiki	Latvia	100 or more	21	30
lvwiki	Latvia	5 to 99	101	110
lvwiki	Lithuania	100 or more	1	10
lvwiki	Lithuania	5 to 99	1	10
lvwiki	New Zealand	100 or more	1	10
lvwiki	Sweden	5 to 99	1	10
lvwiki	United States	5 to 99	1	10
lvwiki	unknown	100 or more	1	10
lvwiki	unknown	5 to 99	1	10
maiwiki	India	5 to 99	1	10
maiwiki	Nepal	100 or more	1	10
maiwiki	Nepal	5 to 99	1	10
maiwiki	United States	5 to 99	1	10
maiwiki	unknown	5 to 99	1	10
map_bmswiki	Ireland	5 to 99	1	10
mgwiki	Australia	5 to 99	1	10
mgwiki	France	5 to 99	1	10
mgwiki	Germany	5 to 99	1	10
mgwiki	Italy	5 to 99	1	10
mgwiki	Madagascar	100 or more	1	10
mgwiki	Madagascar	5 to 99	1	10
mgwiki	unknown	5 to 99	1	10
mhrwiki	Germany	5 to 99	1	10
mhrwiki	Ukraine	5 to 99	1	10
mhrwiki	unknown	5 to 99	1	10
minwiki	France	5 to 99	1	10
minwiki	Indonesia	100 or more	1	10
minwiki	Indonesia	5 to 99	1	10
minwiki	Netherlands	5 to 99	1	10
minwiki	United Kingdom	5 to 99	1	10
miwiki	Germany	5 to 99	1	10
miwiki	New Zealand	5 to 99	1	10
mkwiki	Australia	100 or more	1	10
mkwiki	Bulgaria	5 to 99	1	10
mkwiki	Germany	5 to 99	1	10
mkwiki	Ghana	5 to 99	1	10
mkwiki	Lithuania	5 to 99	1	10
mkwiki	Macedonia	100 or more	11	20
mkwiki	Macedonia	5 to 99	31	40
mkwiki	New Zealand	100 or more	1	10
mkwiki	Poland	5 to 99	1	10
mkwiki	Serbia	100 or more	1	10
mkwiki	Serbia	5 to 99	1	10
mkwiki	Sweden	5 to 99	1	10
mkwiki	United Kingdom	100 or more	1	10
mkwiki	United States	5 to 99	1	10
mkwiki	unknown	5 to 99	1	10
mlwiki	Germany	100 or more	1	10
mlwiki	India	100 or more	11	20
mlwiki	India	5 to 99	91	100
mlwiki	Kuwait	100 or more	1	10
mlwiki	Oman	5 to 99	1	10
mlwiki	Sweden	5 to 99	1	10
mlwiki	Switzerland	5 to 99	1	10
mlwiki	United States	100 or more	1	10
mlwiki	United States	5 to 99	1	10
mlwiki	unknown	5 to 99	1	10
mnwiki	Australia	5 to 99	1	10
mnwiki	Germany	5 to 99	1	10
mnwiki	Japan	5 to 99	1	10
mnwiki	Mongolia	100 or more	1	10
mnwiki	Mongolia	5 to 99	31	40
mnwiki	Poland	5 to 99	1	10
mnwiki	Spain	5 to 99	1	10
mnwiki	unknown	5 to 99	1	10
mrjwiki	United States	5 to 99	1	10
mrwiki	Greece	5 to 99	1	10
mrwiki	India	100 or more	1	10
mrwiki	India	5 to 99	51	60
mrwiki	Netherlands	5 to 99	1	10
mrwiki	United States	100 or more	1	10
mrwiki	United States	5 to 99	1	10
mrwiki	unknown	5 to 99	1	10
mswiki	Albania	5 to 99	1	10
mswiki	Australia	100 or more	1	10
mswiki	Brunei	100 or more	1	10
mswiki	Czech Republic	5 to 99	1	10
mswiki	France	5 to 99	1	10
mswiki	Germany	5 to 99	1	10
mswiki	Indonesia	100 or more	1	10
mswiki	Indonesia	5 to 99	11	20
mswiki	Malaysia	100 or more	11	20
mswiki	Malaysia	5 to 99	211	220
mswiki	Mexico	5 to 99	1	10
mswiki	Panama	5 to 99	1	10
mswiki	Philippines	5 to 99	1	10
mswiki	Singapore	5 to 99	1	10
mswiki	Spain	5 to 99	1	10
mswiki	Switzerland	5 to 99	1	10
mswiki	Taiwan	5 to 99	1	10
mswiki	United States	5 to 99	1	10
mswiki	unknown	5 to 99	1	10
mtwiki	Lithuania	5 to 99	1	10
mtwiki	Malta	5 to 99	1	10
mtwiki	United Kingdom	5 to 99	1	10
mtwiki	United States	5 to 99	1	10
mwlwiki	Argentina	5 to 99	1	10
mwlwiki	Brazil	5 to 99	1	10
mwlwiki	Italy	5 to 99	1	10
myvwiki	Finland	5 to 99	1	10
myvwiki	United States	5 to 99	1	10
mywiki	Australia	5 to 99	1	10
mywiki	Japan	5 to 99	1	10
mywiki	Malaysia	5 to 99	1	10
mywiki	Singapore	5 to 99	1	10
mywiki	unknown	5 to 99	1	10
mznwiki	Philippines	5 to 99	1	10
mznwiki	United States	5 to 99	1	10
mznwiki	unknown	5 to 99	1	10
nahwiki	Denmark	5 to 99	1	10
nahwiki	Mexico	5 to 99	1	10
nahwiki	Spain	5 to 99	1	10
nahwiki	United Kingdom	5 to 99	1	10
napwiki	France	100 or more	1	10
napwiki	Italy	5 to 99	1	10
napwiki	Spain	5 to 99	1	10
napwiki	Switzerland	5 to 99	1	10
nawiki	Canada	5 to 99	1	10
nawiki	United States	5 to 99	1	10
nds_nlwiki	France	5 to 99	1	10
nds_nlwiki	Germany	5 to 99	1	10
nds_nlwiki	Netherlands	100 or more	1	10
nds_nlwiki	Netherlands	5 to 99	1	10
ndswiki	Germany	100 or more	1	10
ndswiki	Germany	5 to 99	1	10
ndswiki	Netherlands	5 to 99	1	10
ndswiki	Spain	5 to 99	1	10
ndswiki	unknown	5 to 99	1	10
newiki	Belgium	5 to 99	1	10
newiki	Hong Kong	5 to 99	1	10
newiki	India	100 or more	1	10
newiki	India	5 to 99	1	10
newiki	Japan	5 to 99	1	10
newiki	Nepal	100 or more	1	10
newiki	Nepal	5 to 99	21	30
newiki	Philippines	5 to 99	1	10
newiki	United Kingdom	5 to 99	1	10
newiki	United States	5 to 99	1	10
newiki	unknown	5 to 99	1	10
newwiki	United Kingdom	5 to 99	1	10
nlwiki	Aruba	5 to 99	1	10
nlwiki	Australia	100 or more	1	10
nlwiki	Australia	5 to 99	1	10
nlwiki	Austria	5 to 99	1	10
nlwiki	Belgium	100 or more	41	50
nlwiki	Belgium	5 to 99	531	540
nlwiki	Brazil	5 to 99	1	10
nlwiki	Bulgaria	5 to 99	1	10
nlwiki	Canada	5 to 99	1	10
nlwiki	Caribbean Netherlands	5 to 99	1	10
nlwiki	Chile	5 to 99	1	10
nlwiki	Colombia	100 or more	1	10
nlwiki	Colombia	5 to 99	1	10
nlwiki	Curaçao	5 to 99	1	10
nlwiki	Czech Republic	5 to 99	1	10
nlwiki	Denmark	100 or more	1	10
nlwiki	Denmark	5 to 99	1	10
nlwiki	El Salvador	5 to 99	1	10
nlwiki	France	100 or more	1	10
nlwiki	France	5 to 99	1	10
nlwiki	Germany	100 or more	1	10
nlwiki	Germany	5 to 99	41	50
nlwiki	Greece	5 to 99	1	10
nlwiki	Hungary	100 or more	1	10
nlwiki	Hungary	5 to 99	1	10
nlwiki	India	5 to 99	1	10
nlwiki	Indonesia	100 or more	1	10
nlwiki	Indonesia	5 to 99	1	10
nlwiki	Ireland	100 or more	1	10
nlwiki	Israel	5 to 99	1	10
nlwiki	Italy	100 or more	1	10
nlwiki	Italy	5 to 99	1	10
nlwiki	Japan	100 or more	1	10
nlwiki	Japan	5 to 99	1	10
nlwiki	Jordan	5 to 99	1	10
nlwiki	Latvia	5 to 99	1	10
nlwiki	Liberia	5 to 99	1	10
nlwiki	Lithuania	100 or more	1	10
nlwiki	Lithuania	5 to 99	1	10
nlwiki	Luxembourg	5 to 99	1	10
nlwiki	Macedonia	5 to 99	1	10
nlwiki	Malaysia	5 to 99	1	10
nlwiki	Mexico	5 to 99	1	10
nlwiki	Morocco	5 to 99	1	10
nlwiki	Netherlands	100 or more	171	180
nlwiki	Netherlands	5 to 99	1311	1320
nlwiki	Norway	5 to 99	1	10
nlwiki	Peru	5 to 99	1	10
nlwiki	Philippines	5 to 99	1	10
nlwiki	Poland	5 to 99	1	10
nlwiki	Portugal	5 to 99	1	10
nlwiki	Singapore	5 to 99	1	10
nlwiki	Slovakia	5 to 99	1	10
nlwiki	South Africa	5 to 99	1	10
nlwiki	South Korea	5 to 99	1	10
nlwiki	Spain	100 or more	1	10
nlwiki	Spain	5 to 99	1	10
nlwiki	Sri Lanka	5 to 99	1	10
nlwiki	Suriname	5 to 99	1	10
nlwiki	Sweden	5 to 99	1	10
nlwiki	Switzerland	5 to 99	1	10
nlwiki	Ukraine	5 to 99	1	10
nlwiki	United Kingdom	100 or more	1	10
nlwiki	United Kingdom	5 to 99	11	20
nlwiki	United States	100 or more	1	10
nlwiki	United States	5 to 99	11	20
nlwiki	unknown	100 or more	1	10
nlwiki	unknown	5 to 99	1	10
nnwiki	Australia	5 to 99	1	10
nnwiki	Denmark	5 to 99	1	10
nnwiki	Germany	5 to 99	1	10
nnwiki	Indonesia	5 to 99	1	10
nnwiki	Netherlands	5 to 99	1	10
nnwiki	Norway	100 or more	1	10
nnwiki	Norway	5 to 99	31	40
nnwiki	Poland	5 to 99	1	10
nnwiki	Spain	5 to 99	1	10
nnwiki	United Kingdom	100 or more	1	10
nnwiki	unknown	5 to 99	1	10
novwiki	France	5 to 99	1	10
nowiki	Australia	5 to 99	1	10
nowiki	Austria	5 to 99	1	10
nowiki	Bangladesh	5 to 99	1	10
nowiki	Belgium	5 to 99	1	10
nowiki	Brazil	5 to 99	1	10
nowiki	Bulgaria	5 to 99	1	10
nowiki	Colombia	5 to 99	1	10
nowiki	Costa Rica	5 to 99	1	10
nowiki	Denmark	100 or more	1	10
nowiki	Denmark	5 to 99	1	10
nowiki	Estonia	5 to 99	1	10
nowiki	Finland	5 to 99	1	10
nowiki	France	5 to 99	1	10
nowiki	Germany	100 or more	1	10
nowiki	Germany	5 to 99	1	10
nowiki	Greece	5 to 99	1	10
nowiki	Indonesia	5 to 99	1	10
nowiki	Israel	5 to 99	1	10
nowiki	Italy	5 to 99	1	10
nowiki	Japan	100 or more	1	10
nowiki	Japan	5 to 99	1	10
nowiki	Jordan	5 to 99	1	10
nowiki	Lithuania	5 to 99	1	10
nowiki	Moldova	5 to 99	1	10
nowiki	Netherlands	100 or more	1	10
nowiki	Netherlands	5 to 99	1	10
nowiki	Norway	100 or more	71	80
nowiki	Norway	5 to 99	461	470
nowiki	Philippines	5 to 99	1	10
nowiki	Poland	5 to 99	1	10
nowiki	Portugal	100 or more	1	10
nowiki	Romania	5 to 99	1	10
nowiki	Sweden	5 to 99	1	10
nowiki	Switzerland	5 to 99	1	10
nowiki	United Kingdom	5 to 99	1	10
nowiki	United States	5 to 99	1	10
nowiki	unknown	100 or more	1	10
nowiki	unknown	5 to 99	1	10
nrmwiki	France	5 to 99	1	10
nsowiki	South Africa	5 to 99	1	10
nsowiki	Zambia	5 to 99	1	10
nvwiki	United States	100 or more	1	10
ocwiki	Colombia	5 to 99	1	10
ocwiki	France	100 or more	1	10
ocwiki	France	5 to 99	1	10
ocwiki	Germany	100 or more	1	10
ocwiki	Germany	5 to 99	1	10
ocwiki	Israel	5 to 99	1	10
ocwiki	Malaysia	5 to 99	1	10
ocwiki	Spain	100 or more	1	10
ocwiki	Spain	5 to 99	1	10
ocwiki	United Kingdom	100 or more	1	10
ocwiki	unknown	5 to 99	1	10
omwiki	United Kingdom	5 to 99	1	10
orwiki	India	100 or more	1	10
orwiki	India	5 to 99	11	20
orwiki	Qatar	5 to 99	1	10
orwiki	unknown	5 to 99	1	10
oswiki	Germany	5 to 99	1	10
oswiki	Netherlands	5 to 99	1	10
pagwiki	Ireland	5 to 99	1	10
pagwiki	United Kingdom	5 to 99	1	10
pamwiki	Ireland	5 to 99	1	10
pamwiki	Philippines	5 to 99	1	10
pamwiki	United Kingdom	5 to 99	1	10
papwiki	Mexico	5 to 99	1	10
pawiki	Canada	5 to 99	1	10
pawiki	Germany	5 to 99	1	10
pawiki	India	100 or more	11	20
pawiki	India	5 to 99	21	30
pawiki	South Africa	5 to 99	1	10
pawiki	United Kingdom	100 or more	1	10
pawiki	United Kingdom	5 to 99	1	10
pawiki	United States	5 to 99	1	10
pawiki	unknown	5 to 99	1	10
pcdwiki	France	5 to 99	1	10
pcdwiki	Italy	5 to 99	1	10
pcdwiki	United States	5 to 99	1	10
pdcwiki	Germany	100 or more	1	10
pdcwiki	Germany	5 to 99	1	10
pflwiki	France	5 to 99	1	10
pflwiki	Germany	100 or more	1	10
pflwiki	Germany	5 to 99	1	10
pflwiki	Switzerland	5 to 99	1	10
pihwiki	Canada	5 to 99	1	10
pihwiki	Israel	5 to 99	1	10
pihwiki	Italy	5 to 99	1	10
pihwiki	Jamaica	100 or more	1	10
pihwiki	Jamaica	5 to 99	1	10
plwiki	Argentina	5 to 99	1	10
plwiki	Australia	5 to 99	1	10
plwiki	Austria	5 to 99	1	10
plwiki	Belgium	5 to 99	1	10
plwiki	Bosnia and Herzegovina	5 to 99	1	10
plwiki	Brazil	5 to 99	1	10
plwiki	Bulgaria	5 to 99	1	10
plwiki	Canada	100 or more	1	10
plwiki	Canada	5 to 99	1	10
plwiki	Chile	5 to 99	1	10
plwiki	Colombia	5 to 99	1	10
plwiki	Croatia	5 to 99	1	10
plwiki	Cyprus	5 to 99	1	10
plwiki	Czech Republic	5 to 99	1	10
plwiki	Denmark	5 to 99	1	10
plwiki	El Salvador	5 to 99	1	10
plwiki	France	100 or more	1	10
plwiki	France	5 to 99	1	10
plwiki	Germany	100 or more	1	10
plwiki	Germany	5 to 99	41	50
plwiki	Greece	5 to 99	1	10
plwiki	Guatemala	5 to 99	1	10
plwiki	Hungary	5 to 99	1	10
plwiki	Indonesia	5 to 99	1	10
plwiki	Ireland	100 or more	1	10
plwiki	Ireland	5 to 99	1	10
plwiki	Israel	5 to 99	1	10
plwiki	Italy	5 to 99	1	10
plwiki	Japan	5 to 99	1	10
plwiki	Jordan	5 to 99	1	10
plwiki	Lithuania	100 or more	1	10
plwiki	Lithuania	5 to 99	1	10
plwiki	Malta	5 to 99	1	10
plwiki	Mexico	5 to 99	1	10
plwiki	Netherlands	100 or more	1	10
plwiki	Netherlands	5 to 99	1	10
plwiki	Norway	100 or more	1	10
plwiki	Norway	5 to 99	1	10
plwiki	Poland	100 or more	291	300
plwiki	Poland	5 to 99	1611	1620
plwiki	Portugal	100 or more	1	10
plwiki	Portugal	5 to 99	1	10
plwiki	Puerto Rico	5 to 99	1	10
plwiki	Romania	5 to 99	1	10
plwiki	Slovakia	5 to 99	1	10
plwiki	South Korea	5 to 99	1	10
plwiki	Spain	5 to 99	1	10
plwiki	Sweden	100 or more	1	10
plwiki	Sweden	5 to 99	1	10
plwiki	Switzerland	100 or more	1	10
plwiki	Switzerland	5 to 99	1	10
plwiki	Taiwan	5 to 99	1	10
plwiki	Ukraine	100 or more	1	10
plwiki	Ukraine	5 to 99	11	20
plwiki	United Kingdom	100 or more	1	10
plwiki	United Kingdom	5 to 99	21	30
plwiki	United States	100 or more	1	10
plwiki	United States	5 to 99	11	20
plwiki	unknown	5 to 99	1	10
pmswiki	Italy	5 to 99	1	10
pmswiki	Mexico	100 or more	1	10
pmswiki	United Kingdom	5 to 99	1	10
pnbwiki	Indonesia	5 to 99	1	10
pnbwiki	South Africa	5 to 99	1	10
pnbwiki	United Kingdom	5 to 99	1	10
pnbwiki	unknown	5 to 99	1	10
pswiki	Germany	5 to 99	1	10
pswiki	Norway	100 or more	1	10
pswiki	unknown	5 to 99	1	10
ptwiki	Angola	5 to 99	11	20
ptwiki	Argentina	5 to 99	1	10
ptwiki	Australia	5 to 99	1	10
ptwiki	Austria	5 to 99	1	10
ptwiki	Belgium	5 to 99	1	10
ptwiki	Brazil	100 or more	231	240
ptwiki	Brazil	5 to 99	2891	2900
ptwiki	Bulgaria	5 to 99	1	10
ptwiki	Canada	5 to 99	1	10
ptwiki	Chile	5 to 99	1	10
ptwiki	Colombia	5 to 99	1	10
ptwiki	Croatia	5 to 99	1	10
ptwiki	Czech Republic	5 to 99	1	10
ptwiki	Denmark	100 or more	1	10
ptwiki	Denmark	5 to 99	1	10
ptwiki	Dominican Republic	5 to 99	1	10
ptwiki	Ecuador	5 to 99	1	10
ptwiki	El Salvador	5 to 99	1	10
ptwiki	Finland	5 to 99	1	10
ptwiki	France	5 to 99	11	20
ptwiki	Germany	100 or more	1	10
ptwiki	Germany	5 to 99	21	30
ptwiki	Gibraltar	5 to 99	1	10
ptwiki	Greece	5 to 99	1	10
ptwiki	Guatemala	5 to 99	1	10
ptwiki	Hungary	5 to 99	1	10
ptwiki	Indonesia	100 or more	1	10
ptwiki	Indonesia	5 to 99	1	10
ptwiki	Ireland	5 to 99	1	10
ptwiki	Israel	5 to 99	1	10
ptwiki	Italy	5 to 99	21	30
ptwiki	Japan	5 to 99	1	10
ptwiki	Jordan	5 to 99	1	10
ptwiki	Lithuania	5 to 99	1	10
ptwiki	Luxembourg	100 or more	1	10
ptwiki	Luxembourg	5 to 99	1	10
ptwiki	Malaysia	5 to 99	1	10
ptwiki	Mexico	5 to 99	11	20
ptwiki	Mozambique	5 to 99	1	10
ptwiki	Netherlands	5 to 99	11	20
ptwiki	Norway	5 to 99	1	10
ptwiki	Peru	5 to 99	1	10
ptwiki	Philippines	5 to 99	1	10
ptwiki	Poland	5 to 99	1	10
ptwiki	Portugal	100 or more	31	40
ptwiki	Portugal	5 to 99	291	300
ptwiki	Puerto Rico	5 to 99	1	10
ptwiki	Romania	5 to 99	1	10
ptwiki	Senegal	5 to 99	1	10
ptwiki	Slovenia	5 to 99	1	10
ptwiki	South Korea	5 to 99	1	10
ptwiki	Spain	5 to 99	31	40
ptwiki	Sweden	100 or more	1	10
ptwiki	Sweden	5 to 99	1	10
ptwiki	Switzerland	5 to 99	1	10
ptwiki	Tunisia	5 to 99	1	10
ptwiki	Ukraine	5 to 99	1	10
ptwiki	United Kingdom	100 or more	1	10
ptwiki	United Kingdom	5 to 99	11	20
ptwiki	United States	100 or more	1	10
ptwiki	United States	5 to 99	51	60
ptwiki	Uruguay	5 to 99	1	10
ptwiki	unknown	100 or more	1	10
ptwiki	unknown	5 to 99	11	20
quwiki	Peru	5 to 99	1	10
quwiki	United States	5 to 99	1	10
quwiki	unknown	5 to 99	1	10
rmwiki	Albania	5 to 99	1	10
rmwiki	Germany	5 to 99	1	10
rmwiki	Poland	5 to 99	1	10
rmwiki	Switzerland	5 to 99	1	10
rmywiki	France	5 to 99	1	10
rmywiki	Switzerland	5 to 99	1	10
roa_rupwiki	Germany	5 to 99	1	10
roa_tarawiki	Italy	5 to 99	1	10
roa_tarawiki	United States	5 to 99	1	10
rowiki	Australia	5 to 99	1	10
rowiki	Belgium	100 or more	1	10
rowiki	Belgium	5 to 99	1	10
rowiki	Brazil	5 to 99	1	10
rowiki	Bulgaria	5 to 99	1	10
rowiki	Canada	100 or more	1	10
rowiki	Canada	5 to 99	1	10
rowiki	Denmark	5 to 99	1	10
rowiki	El Salvador	5 to 99	1	10
rowiki	France	5 to 99	1	10
rowiki	Germany	100 or more	1	10
rowiki	Germany	5 to 99	11	20
rowiki	Greece	100 or more	1	10
rowiki	Greece	5 to 99	1	10
rowiki	Hungary	5 to 99	1	10
rowiki	Ireland	100 or more	1	10
rowiki	Ireland	5 to 99	1	10
rowiki	Israel	100 or more	1	10
rowiki	Israel	5 to 99	1	10
rowiki	Italy	5 to 99	1	10
rowiki	Japan	5 to 99	1	10
rowiki	Jordan	5 to 99	1	10
rowiki	Mexico	5 to 99	1	10
rowiki	Moldova	100 or more	1	10
rowiki	Moldova	5 to 99	11	20
rowiki	Netherlands	100 or more	1	10
rowiki	Netherlands	5 to 99	1	10
rowiki	Norway	5 to 99	1	10
rowiki	Poland	5 to 99	1	10
rowiki	Portugal	100 or more	1	10
rowiki	Portugal	5 to 99	1	10
rowiki	Puerto Rico	5 to 99	1	10
rowiki	Romania	100 or more	21	30
rowiki	Romania	5 to 99	291	300
rowiki	Spain	5 to 99	1	10
rowiki	Sweden	5 to 99	1	10
rowiki	Switzerland	5 to 99	1	10
rowiki	United Kingdom	100 or more	1	10
rowiki	United Kingdom	5 to 99	1	10
rowiki	United States	100 or more	1	10
rowiki	United States	5 to 99	1	10
rowiki	unknown	5 to 99	1	10
ruewiki	Sweden	100 or more	1	10
ruewiki	Sweden	5 to 99	1	10
ruewiki	Ukraine	100 or more	1	10
ruewiki	Ukraine	5 to 99	1	10
ruwiki	Argentina	5 to 99	1	10
ruwiki	Armenia	100 or more	1	10
ruwiki	Armenia	5 to 99	21	30
ruwiki	Australia	5 to 99	1	10
ruwiki	Austria	5 to 99	1	10
ruwiki	Belgium	100 or more	1	10
ruwiki	Belgium	5 to 99	1	10
ruwiki	Bosnia and Herzegovina	5 to 99	1	10
ruwiki	Brazil	5 to 99	1	10
ruwiki	Bulgaria	100 or more	1	10
ruwiki	Bulgaria	5 to 99	11	20
ruwiki	Canada	100 or more	1	10
ruwiki	Canada	5 to 99	11	20
ruwiki	Chile	5 to 99	1	10
ruwiki	Colombia	100 or more	1	10
ruwiki	Colombia	5 to 99	1	10
ruwiki	Croatia	5 to 99	1	10
ruwiki	Cyprus	5 to 99	1	10
ruwiki	Czech Republic	5 to 99	11	20
ruwiki	Denmark	100 or more	1	10
ruwiki	Denmark	5 to 99	1	10
ruwiki	El Salvador	5 to 99	1	10
ruwiki	Estonia	100 or more	1	10
ruwiki	Estonia	5 to 99	11	20
ruwiki	Finland	100 or more	1	10
ruwiki	Finland	5 to 99	1	10
ruwiki	France	100 or more	1	10
ruwiki	France	5 to 99	11	20
ruwiki	Georgia	100 or more	1	10
ruwiki	Georgia	5 to 99	11	20
ruwiki	Germany	100 or more	11	20
ruwiki	Germany	5 to 99	131	140
ruwiki	Greece	100 or more	1	10
ruwiki	Greece	5 to 99	11	20
ruwiki	Hong Kong	5 to 99	1	10
ruwiki	Hungary	5 to 99	1	10
ruwiki	India	5 to 99	1	10
ruwiki	Indonesia	5 to 99	1	10
ruwiki	Ireland	5 to 99	1	10
ruwiki	Israel	100 or more	11	20
ruwiki	Israel	5 to 99	41	50
ruwiki	Italy	100 or more	1	10
ruwiki	Italy	5 to 99	21	30
ruwiki	Japan	100 or more	1	10
ruwiki	Japan	5 to 99	11	20
ruwiki	Jordan	5 to 99	1	10
ruwiki	Kuwait	5 to 99	1	10
ruwiki	Kyrgyzstan	5 to 99	21	30
ruwiki	Latvia	100 or more	1	10
ruwiki	Latvia	5 to 99	31	40
ruwiki	Lebanon	5 to 99	1	10
ruwiki	Lithuania	100 or more	1	10
ruwiki	Lithuania	5 to 99	11	20
ruwiki	Luxembourg	5 to 99	1	10
ruwiki	Macao	5 to 99	1	10
ruwiki	Malaysia	5 to 99	1	10
ruwiki	Mexico	5 to 99	1	10
ruwiki	Moldova	100 or more	1	10
ruwiki	Moldova	5 to 99	31	40
ruwiki	Montenegro	5 to 99	1	10
ruwiki	Morocco	5 to 99	1	10
ruwiki	Netherlands	5 to 99	11	20
ruwiki	New Zealand	100 or more	1	10
ruwiki	New Zealand	5 to 99	1	10
ruwiki	Norway	100 or more	1	10
ruwiki	Norway	5 to 99	1	10
ruwiki	Philippines	5 to 99	1	10
ruwiki	Poland	5 to 99	11	20
ruwiki	Portugal	100 or more	1	10
ruwiki	Portugal	5 to 99	1	10
ruwiki	Romania	5 to 99	1	10
ruwiki	Serbia	5 to 99	1	10
ruwiki	Singapore	5 to 99	1	10
ruwiki	Slovakia	5 to 99	1	10
ruwiki	Slovenia	5 to 99	1	10
ruwiki	South Korea	5 to 99	1	10
ruwiki	Spain	100 or more	1	10
ruwiki	Spain	5 to 99	11	20
ruwiki	Sweden	100 or more	1	10
ruwiki	Sweden	5 to 99	1	10
ruwiki	Switzerland	100 or more	1	10
ruwiki	Switzerland	5 to 99	1	10
ruwiki	Tajikistan	5 to 99	11	20
ruwiki	Tunisia	5 to 99	1	10
ruwiki	Ukraine	100 or more	61	70
ruwiki	Ukraine	5 to 99	561	570
ruwiki	United Kingdom	100 or more	1	10
ruwiki	United Kingdom	5 to 99	21	30
ruwiki	United States	100 or more	11	20
ruwiki	United States	5 to 99	91	100
ruwiki	unknown	5 to 99	1	10
sahwiki	Germany	5 to 99	1	10
sahwiki	Netherlands	5 to 99	1	10
sawiki	India	100 or more	1	10
sawiki	India	5 to 99	1	10
sawiki	United States	5 to 99	1	10
scnwiki	Italy	5 to 99	1	10
scnwiki	Mexico	5 to 99	1	10
scnwiki	unknown	5 to 99	1	10
scowiki	Belgium	5 to 99	1	10
scowiki	Colombia	5 to 99	1	10
scowiki	Germany	5 to 99	1	10
scowiki	Spain	5 to 99	1	10
scowiki	United Kingdom	100 or more	1	10
scowiki	United Kingdom	5 to 99	21	30
scowiki	United States	100 or more	1	10
scowiki	United States	5 to 99	1	10
scwiki	Germany	5 to 99	1	10
scwiki	Italy	5 to 99	1	10
scwiki	Portugal	5 to 99	1	10
scwiki	Spain	5 to 99	1	10
scwiki	United Kingdom	5 to 99	1	10
scwiki	United States	5 to 99	1	10
sdwiki	Canada	5 to 99	1	10
sdwiki	Oman	5 to 99	1	10
sdwiki	United Kingdom	5 to 99	1	10
sdwiki	United States	5 to 99	1	10
sewiki	Finland	100 or more	1	10
sewiki	Finland	5 to 99	1	10
sewiki	Norway	5 to 99	1	10
shwiki	Belgium	5 to 99	1	10
shwiki	Bosnia and Herzegovina	100 or more	1	10
shwiki	Bosnia and Herzegovina	5 to 99	1	10
shwiki	Croatia	100 or more	1	10
shwiki	Croatia	5 to 99	1	10
shwiki	Germany	5 to 99	1	10
shwiki	Italy	5 to 99	1	10
shwiki	Mexico	5 to 99	1	10
shwiki	Montenegro	5 to 99	1	10
shwiki	Netherlands	5 to 99	1	10
shwiki	Philippines	5 to 99	1	10
shwiki	Romania	5 to 99	1	10
shwiki	Serbia	100 or more	1	10
shwiki	Serbia	5 to 99	11	20
shwiki	Slovakia	5 to 99	1	10
shwiki	Spain	100 or more	1	10
shwiki	Sweden	5 to 99	1	10
shwiki	Switzerland	5 to 99	1	10
shwiki	United States	5 to 99	1	10
simplewiki	Argentina	5 to 99	1	10
simplewiki	Australia	100 or more	1	10
simplewiki	Australia	5 to 99	21	30
simplewiki	Bangladesh	5 to 99	1	10
simplewiki	Belgium	5 to 99	1	10
simplewiki	Bosnia and Herzegovina	5 to 99	1	10
simplewiki	Brazil	5 to 99	1	10
simplewiki	Canada	100 or more	1	10
simplewiki	Canada	5 to 99	11	20
simplewiki	Czech Republic	5 to 99	1	10
simplewiki	Estonia	5 to 99	1	10
simplewiki	Finland	5 to 99	1	10
simplewiki	France	5 to 99	1	10
simplewiki	Germany	5 to 99	11	20
simplewiki	Guernsey	5 to 99	1	10
simplewiki	Hong Kong	5 to 99	1	10
simplewiki	India	100 or more	1	10
simplewiki	India	5 to 99	21	30
simplewiki	Indonesia	5 to 99	1	10
simplewiki	Israel	5 to 99	1	10
simplewiki	Italy	5 to 99	11	20
simplewiki	Jamaica	5 to 99	1	10
simplewiki	Japan	100 or more	1	10
simplewiki	Japan	5 to 99	1	10
simplewiki	Macedonia	5 to 99	1	10
simplewiki	Malaysia	5 to 99	1	10
simplewiki	Maldives	5 to 99	1	10
simplewiki	Mexico	5 to 99	1	10
simplewiki	Nepal	100 or more	1	10
simplewiki	Nepal	5 to 99	1	10
simplewiki	Netherlands	5 to 99	1	10
simplewiki	New Zealand	5 to 99	1	10
simplewiki	Nigeria	5 to 99	1	10
simplewiki	Panama	5 to 99	1	10
simplewiki	Philippines	5 to 99	1	10
simplewiki	Poland	5 to 99	1	10
simplewiki	Puerto Rico	5 to 99	1	10
simplewiki	Serbia	5 to 99	1	10
simplewiki	Singapore	100 or more	1	10
simplewiki	Singapore	5 to 99	1	10
simplewiki	Slovenia	5 to 99	1	10
simplewiki	South Africa	5 to 99	1	10
simplewiki	Spain	5 to 99	1	10
simplewiki	Sweden	100 or more	1	10
simplewiki	Sweden	5 to 99	1	10
simplewiki	Switzerland	100 or more	1	10
simplewiki	Switzerland	5 to 99	11	20
simplewiki	Taiwan	5 to 99	1	10
simplewiki	United Kingdom	100 or more	1	10
simplewiki	United Kingdom	5 to 99	111	120
simplewiki	United States	100 or more	1	10
simplewiki	United States	5 to 99	211	220
simplewiki	Uruguay	5 to 99	1	10
simplewiki	Zambia	100 or more	1	10
simplewiki	unknown	5 to 99	1	10
siwiki	Philippines	100 or more	1	10
siwiki	Sri Lanka	100 or more	1	10
siwiki	Sri Lanka	5 to 99	11	20
skwiki	Austria	5 to 99	1	10
skwiki	Belgium	5 to 99	1	10
skwiki	Canada	5 to 99	1	10
skwiki	Colombia	5 to 99	1	10
skwiki	Czech Republic	100 or more	1	10
skwiki	Czech Republic	5 to 99	21	30
skwiki	Denmark	5 to 99	1	10
skwiki	El Salvador	5 to 99	1	10
skwiki	Germany	5 to 99	1	10
skwiki	Hungary	5 to 99	1	10
skwiki	Iceland	5 to 99	1	10
skwiki	Ireland	5 to 99	1	10
skwiki	Italy	5 to 99	1	10
skwiki	Jordan	5 to 99	1	10
skwiki	Netherlands	5 to 99	1	10
skwiki	Poland	5 to 99	1	10
skwiki	Portugal	5 to 99	1	10
skwiki	Slovakia	100 or more	11	20
skwiki	Slovakia	5 to 99	181	190
skwiki	Slovenia	5 to 99	1	10
skwiki	Sweden	5 to 99	1	10
skwiki	Switzerland	5 to 99	1	10
skwiki	United Kingdom	5 to 99	1	10
skwiki	unknown	5 to 99	1	10
slwiki	Austria	5 to 99	1	10
slwiki	Belgium	5 to 99	1	10
slwiki	Bulgaria	5 to 99	1	10
slwiki	Canada	5 to 99	1	10
slwiki	Hungary	5 to 99	1	10
slwiki	Italy	5 to 99	1	10
slwiki	Jordan	5 to 99	1	10
slwiki	Lithuania	5 to 99	1	10
slwiki	Serbia	5 to 99	1	10
slwiki	Slovenia	100 or more	21	30
slwiki	Slovenia	5 to 99	141	150
slwiki	Sweden	5 to 99	1	10
slwiki	Switzerland	5 to 99	1	10
slwiki	United States	5 to 99	1	10
slwiki	unknown	5 to 99	1	10
snwiki	Canada	100 or more	1	10
snwiki	Indonesia	5 to 99	1	10
sowiki	Kenya	5 to 99	1	10
sowiki	United Kingdom	5 to 99	1	10
sqwiki	Albania	100 or more	1	10
sqwiki	Albania	5 to 99	41	50
sqwiki	Australia	5 to 99	1	10
sqwiki	Canada	5 to 99	1	10
sqwiki	Czech Republic	5 to 99	1	10
sqwiki	France	100 or more	1	10
sqwiki	France	5 to 99	1	10
sqwiki	Germany	5 to 99	1	10
sqwiki	Greece	5 to 99	1	10
sqwiki	Hungary	5 to 99	1	10
sqwiki	Italy	5 to 99	1	10
sqwiki	Kosovo	5 to 99	1	10
sqwiki	Lithuania	5 to 99	1	10
sqwiki	Macedonia	100 or more	1	10
sqwiki	Macedonia	5 to 99	1	10
sqwiki	Netherlands	5 to 99	1	10
sqwiki	Philippines	100 or more	1	10
sqwiki	Serbia	5 to 99	1	10
sqwiki	Sweden	5 to 99	1	10
sqwiki	Switzerland	5 to 99	1	10
sqwiki	United Kingdom	100 or more	1	10
sqwiki	United Kingdom	5 to 99	1	10
sqwiki	United States	100 or more	1	10
sqwiki	United States	5 to 99	1	10
sqwiki	unknown	5 to 99	1	10
srwiki	Albania	5 to 99	1	10
srwiki	Angola	5 to 99	1	10
srwiki	Australia	5 to 99	1	10
srwiki	Austria	5 to 99	1	10
srwiki	Belgium	5 to 99	1	10
srwiki	Bosnia and Herzegovina	100 or more	1	10
srwiki	Bosnia and Herzegovina	5 to 99	21	30
srwiki	Bulgaria	5 to 99	1	10
srwiki	Canada	5 to 99	1	10
srwiki	Croatia	5 to 99	1	10
srwiki	Germany	5 to 99	1	10
srwiki	Israel	5 to 99	1	10
srwiki	Italy	5 to 99	1	10
srwiki	Japan	5 to 99	1	10
srwiki	Kosovo	100 or more	1	10
srwiki	Luxembourg	5 to 99	1	10
srwiki	Macedonia	5 to 99	1	10
srwiki	Mexico	5 to 99	1	10
srwiki	Montenegro	100 or more	1	10
srwiki	Montenegro	5 to 99	11	20
srwiki	Netherlands	5 to 99	1	10
srwiki	Poland	5 to 99	1	10
srwiki	Portugal	5 to 99	1	10
srwiki	Romania	5 to 99	1	10
srwiki	Serbia	100 or more	51	60
srwiki	Serbia	5 to 99	571	580
srwiki	Slovakia	5 to 99	1	10
srwiki	Slovenia	5 to 99	1	10
srwiki	South Korea	5 to 99	1	10
srwiki	Spain	100 or more	1	10
srwiki	Switzerland	5 to 99	1	10
srwiki	United Kingdom	5 to 99	1	10
srwiki	United States	100 or more	1	10
srwiki	United States	5 to 99	1	10
sswiki	South Africa	5 to 99	1	10
stqwiki	Germany	100 or more	1	10
stwiki	Spain	5 to 99	1	10
suwiki	France	5 to 99	1	10
suwiki	Indonesia	100 or more	1	10
suwiki	Indonesia	5 to 99	1	10
suwiki	unknown	5 to 99	1	10
svwiki	Armenia	5 to 99	1	10
svwiki	Australia	100 or more	1	10
svwiki	Australia	5 to 99	1	10
svwiki	Austria	5 to 99	1	10
svwiki	Belgium	5 to 99	1	10
svwiki	Brazil	5 to 99	1	10
svwiki	Canada	5 to 99	1	10
svwiki	Chile	5 to 99	1	10
svwiki	Colombia	5 to 99	1	10
svwiki	Croatia	5 to 99	1	10
svwiki	Cyprus	5 to 99	1	10
svwiki	Czech Republic	5 to 99	1	10
svwiki	Denmark	5 to 99	1	10
svwiki	Estonia	5 to 99	1	10
svwiki	Finland	5 to 99	21	30
svwiki	France	5 to 99	1	10
svwiki	Georgia	5 to 99	1	10
svwiki	Germany	5 to 99	11	20
svwiki	Guatemala	5 to 99	1	10
svwiki	Hong Kong	5 to 99	1	10
svwiki	Iceland	5 to 99	1	10
svwiki	India	5 to 99	1	10
svwiki	Ireland	5 to 99	1	10
svwiki	Israel	5 to 99	1	10
svwiki	Italy	5 to 99	1	10
svwiki	Japan	5 to 99	1	10
svwiki	Jordan	5 to 99	1	10
svwiki	Latvia	5 to 99	1	10
svwiki	Lithuania	5 to 99	1	10
svwiki	Luxembourg	5 to 99	1	10
svwiki	Malaysia	5 to 99	1	10
svwiki	Malta	5 to 99	1	10
svwiki	Mexico	5 to 99	1	10
svwiki	Netherlands	5 to 99	1	10
svwiki	Norway	100 or more	1	10
svwiki	Norway	5 to 99	11	20
svwiki	Philippines	5 to 99	1	10
svwiki	Poland	5 to 99	1	10
svwiki	Portugal	5 to 99	1	10
svwiki	Puerto Rico	5 to 99	1	10
svwiki	Romania	5 to 99	1	10
svwiki	South Africa	5 to 99	1	10
svwiki	Spain	5 to 99	1	10
svwiki	Sweden	100 or more	111	120
svwiki	Sweden	5 to 99	731	740
svwiki	Switzerland	5 to 99	1	10
svwiki	Tunisia	5 to 99	1	10
svwiki	United Kingdom	100 or more	1	10
svwiki	United Kingdom	5 to 99	1	10
svwiki	United States	100 or more	1	10
svwiki	United States	5 to 99	11	20
svwiki	unknown	100 or more	1	10
svwiki	unknown	5 to 99	1	10
svwiki	Åland Islands	5 to 99	1	10
swwiki	Belgium	5 to 99	1	10
swwiki	Canada	5 to 99	1	10
swwiki	Germany	5 to 99	1	10
swwiki	Kenya	5 to 99	1	10
swwiki	Netherlands	5 to 99	1	10
swwiki	Nigeria	5 to 99	1	10
swwiki	Switzerland	5 to 99	1	10
swwiki	Tanzania	100 or more	1	10
swwiki	Tanzania	5 to 99	11	20
swwiki	United States	5 to 99	1	10
szlwiki	Poland	5 to 99	1	10
szlwiki	United Kingdom	100 or more	1	10
tawiki	Australia	100 or more	1	10
tawiki	Australia	5 to 99	1	10
tawiki	Bangladesh	5 to 99	1	10
tawiki	Canada	5 to 99	1	10
tawiki	Germany	5 to 99	1	10
tawiki	India	100 or more	11	20
tawiki	India	5 to 99	81	90
tawiki	Indonesia	5 to 99	1	10
tawiki	Japan	5 to 99	1	10
tawiki	Malaysia	5 to 99	1	10
tawiki	Netherlands	5 to 99	1	10
tawiki	Norway	100 or more	1	10
tawiki	Qatar	100 or more	1	10
tawiki	Singapore	5 to 99	1	10
tawiki	Sri Lanka	100 or more	1	10
tawiki	Sri Lanka	5 to 99	1	10
tawiki	United States	5 to 99	1	10
tawiki	unknown	100 or more	1	10
tawiki	unknown	5 to 99	21	30
tcywiki	India	5 to 99	1	10
tetwiki	Germany	5 to 99	1	10
tetwiki	Indonesia	5 to 99	1	10
tetwiki	Timor-Leste	5 to 99	1	10
tewiki	France	5 to 99	1	10
tewiki	India	100 or more	11	20
tewiki	India	5 to 99	51	60
tewiki	Singapore	5 to 99	1	10
tewiki	Switzerland	5 to 99	1	10
tewiki	United States	5 to 99	1	10
tewiki	unknown	5 to 99	1	10
tgwiki	Canada	5 to 99	1	10
tgwiki	France	5 to 99	1	10
tgwiki	Hong Kong	5 to 99	1	10
tgwiki	Italy	5 to 99	1	10
tgwiki	Poland	5 to 99	1	10
tgwiki	Tajikistan	100 or more	1	10
tgwiki	Tajikistan	5 to 99	1	10
tgwiki	United States	5 to 99	1	10
thwiki	Australia	100 or more	1	10
thwiki	Australia	5 to 99	1	10
thwiki	Belgium	5 to 99	1	10
thwiki	Brazil	5 to 99	1	10
thwiki	Canada	5 to 99	1	10
thwiki	Colombia	5 to 99	1	10
thwiki	France	5 to 99	1	10
thwiki	Germany	100 or more	1	10
thwiki	Germany	5 to 99	1	10
thwiki	Hong Kong	5 to 99	1	10
thwiki	Indonesia	5 to 99	1	10
thwiki	Italy	5 to 99	1	10
thwiki	Japan	5 to 99	1	10
thwiki	New Zealand	5 to 99	1	10
thwiki	Panama	5 to 99	1	10
thwiki	Singapore	5 to 99	1	10
thwiki	Spain	100 or more	1	10
thwiki	Spain	5 to 99	1	10
thwiki	Sweden	100 or more	1	10
thwiki	Switzerland	5 to 99	1	10
thwiki	Taiwan	5 to 99	1	10
thwiki	Ukraine	5 to 99	1	10
thwiki	United Kingdom	5 to 99	1	10
thwiki	United States	100 or more	1	10
thwiki	United States	5 to 99	1	10
tkwiki	Brazil	5 to 99	1	10
tkwiki	Romania	100 or more	1	10
tkwiki	Romania	5 to 99	1	10
tkwiki	United States	5 to 99	1	10
tkwiki	unknown	5 to 99	1	10
tlwiki	Australia	5 to 99	1	10
tlwiki	Brazil	5 to 99	1	10
tlwiki	Canada	5 to 99	1	10
tlwiki	Ireland	5 to 99	1	10
tlwiki	Israel	5 to 99	1	10
tlwiki	Japan	5 to 99	1	10
tlwiki	Mexico	5 to 99	1	10
tlwiki	Philippines	100 or more	1	10
tlwiki	Philippines	5 to 99	41	50
tlwiki	Sweden	5 to 99	1	10
tlwiki	United Kingdom	5 to 99	1	10
tlwiki	United States	5 to 99	1	10
tlwiki	unknown	5 to 99	1	10
tnwiki	Jamaica	5 to 99	1	10
trwiki	Australia	5 to 99	1	10
trwiki	Austria	100 or more	1	10
trwiki	Belgium	100 or more	1	10
trwiki	Belgium	5 to 99	1	10
trwiki	Bulgaria	5 to 99	1	10
trwiki	Canada	100 or more	1	10
trwiki	Canada	5 to 99	1	10
trwiki	Croatia	5 to 99	1	10
trwiki	Czech Republic	5 to 99	1	10
trwiki	Denmark	5 to 99	1	10
trwiki	El Salvador	5 to 99	1	10
trwiki	Finland	100 or more	1	10
trwiki	Finland	5 to 99	1	10
trwiki	France	5 to 99	11	20
trwiki	Georgia	5 to 99	1	10
trwiki	Germany	100 or more	1	10
trwiki	Germany	5 to 99	31	40
trwiki	Greece	5 to 99	1	10
trwiki	Hong Kong	100 or more	1	10
trwiki	Hong Kong	5 to 99	1	10
trwiki	India	100 or more	1	10
trwiki	India	5 to 99	1	10
trwiki	Iraq	5 to 99	1	10
trwiki	Ireland	5 to 99	1	10
trwiki	Italy	100 or more	1	10
trwiki	Italy	5 to 99	1	10
trwiki	Japan	5 to 99	1	10
trwiki	Jordan	5 to 99	1	10
trwiki	Lithuania	5 to 99	1	10
trwiki	Macedonia	5 to 99	1	10
trwiki	Mexico	100 or more	1	10
trwiki	Netherlands	100 or more	1	10
trwiki	Netherlands	5 to 99	21	30
trwiki	Norway	5 to 99	1	10
trwiki	Philippines	5 to 99	1	10
trwiki	Poland	5 to 99	1	10
trwiki	Romania	100 or more	1	10
trwiki	Romania	5 to 99	1	10
trwiki	Serbia	5 to 99	1	10
trwiki	Singapore	100 or more	1	10
trwiki	Singapore	5 to 99	1	10
trwiki	South Africa	5 to 99	1	10
trwiki	Spain	5 to 99	1	10
trwiki	Sweden	5 to 99	1	10
trwiki	Switzerland	100 or more	1	10
trwiki	Switzerland	5 to 99	1	10
trwiki	United Kingdom	100 or more	1	10
trwiki	United Kingdom	5 to 99	11	20
trwiki	United States	100 or more	1	10
trwiki	United States	5 to 99	61	70
trwiki	unknown	100 or more	1	10
trwiki	unknown	5 to 99	1	10
tswiki	Brazil	5 to 99	1	10
ttwiki	United Kingdom	5 to 99	1	10
ttwiki	unknown	5 to 99	1	10
twwiki	Germany	5 to 99	1	10
twwiki	United Kingdom	5 to 99	1	10
ugwiki	United States	5 to 99	1	10
ukwiki	Armenia	5 to 99	1	10
ukwiki	Australia	5 to 99	1	10
ukwiki	Austria	5 to 99	1	10
ukwiki	Bosnia and Herzegovina	5 to 99	1	10
ukwiki	Brazil	5 to 99	1	10
ukwiki	Bulgaria	5 to 99	1	10
ukwiki	Canada	100 or more	1	10
ukwiki	Canada	5 to 99	1	10
ukwiki	Colombia	100 or more	1	10
ukwiki	Colombia	5 to 99	1	10
ukwiki	Czech Republic	100 or more	1	10
ukwiki	Czech Republic	5 to 99	1	10
ukwiki	Denmark	5 to 99	1	10
ukwiki	El Salvador	5 to 99	1	10
ukwiki	France	100 or more	1	10
ukwiki	France	5 to 99	1	10
ukwiki	Germany	100 or more	1	10
ukwiki	Germany	5 to 99	21	30
ukwiki	Hong Kong	5 to 99	1	10
ukwiki	Hungary	5 to 99	1	10
ukwiki	Israel	5 to 99	1	10
ukwiki	Italy	100 or more	1	10
ukwiki	Italy	5 to 99	1	10
ukwiki	Japan	100 or more	1	10
ukwiki	Japan	5 to 99	1	10
ukwiki	Jordan	5 to 99	1	10
ukwiki	Liberia	5 to 99	1	10
ukwiki	Lithuania	100 or more	1	10
ukwiki	Lithuania	5 to 99	1	10
ukwiki	Malaysia	5 to 99	1	10
ukwiki	Moldova	5 to 99	1	10
ukwiki	Netherlands	100 or more	1	10
ukwiki	Netherlands	5 to 99	1	10
ukwiki	Poland	100 or more	1	10
ukwiki	Poland	5 to 99	11	20
ukwiki	Portugal	5 to 99	1	10
ukwiki	Romania	5 to 99	1	10
ukwiki	Singapore	5 to 99	1	10
ukwiki	Slovakia	100 or more	1	10
ukwiki	South Korea	5 to 99	1	10
ukwiki	Spain	100 or more	1	10
ukwiki	Spain	5 to 99	1	10
ukwiki	Sweden	5 to 99	1	10
ukwiki	Switzerland	100 or more	1	10
ukwiki	Switzerland	5 to 99	1	10
ukwiki	Tajikistan	5 to 99	1	10
ukwiki	Ukraine	100 or more	161	170
ukwiki	Ukraine	5 to 99	1121	1130
ukwiki	United Kingdom	5 to 99	1	10
ukwiki	United States	100 or more	1	10
ukwiki	United States	5 to 99	11	20
ukwiki	unknown	5 to 99	1	10
urwiki	Australia	5 to 99	1	10
urwiki	India	100 or more	1	10
urwiki	India	5 to 99	1	10
urwiki	Indonesia	5 to 99	1	10
urwiki	Ireland	5 to 99	1	10
urwiki	United Kingdom	5 to 99	1	10
urwiki	United States	5 to 99	1	10
urwiki	unknown	5 to 99	1	10
uzwiki	Belgium	5 to 99	1	10
uzwiki	Germany	5 to 99	1	10
uzwiki	Kyrgyzstan	5 to 99	1	10
uzwiki	Switzerland	5 to 99	1	10
uzwiki	United Kingdom	5 to 99	1	10
uzwiki	United States	5 to 99	1	10
uzwiki	unknown	5 to 99	1	10
vecwiki	Italy	100 or more	1	10
vecwiki	Italy	5 to 99	1	10
viwiki	Australia	5 to 99	1	10
viwiki	Canada	5 to 99	1	10
viwiki	Czech Republic	5 to 99	1	10
viwiki	France	100 or more	1	10
viwiki	France	5 to 99	1	10
viwiki	Germany	100 or more	1	10
viwiki	Germany	5 to 99	21	30
viwiki	India	5 to 99	1	10
viwiki	Indonesia	5 to 99	1	10
viwiki	Ireland	5 to 99	1	10
viwiki	Italy	5 to 99	1	10
viwiki	Japan	100 or more	1	10
viwiki	Japan	5 to 99	1	10
viwiki	Jordan	5 to 99	1	10
viwiki	Malaysia	5 to 99	1	10
viwiki	Mexico	5 to 99	1	10
viwiki	Netherlands	100 or more	1	10
viwiki	Netherlands	5 to 99	1	10
viwiki	Philippines	5 to 99	1	10
viwiki	Poland	5 to 99	1	10
viwiki	Romania	5 to 99	1	10
viwiki	South Africa	5 to 99	1	10
viwiki	South Korea	100 or more	1	10
viwiki	South Korea	5 to 99	1	10
viwiki	Spain	5 to 99	1	10
viwiki	Sweden	5 to 99	1	10
viwiki	Switzerland	5 to 99	1	10
viwiki	Taiwan	5 to 99	1	10
viwiki	Ukraine	5 to 99	1	10
viwiki	United Kingdom	100 or more	1	10
viwiki	United Kingdom	5 to 99	1	10
viwiki	United States	100 or more	1	10
viwiki	United States	5 to 99	21	30
viwiki	unknown	100 or more	1	10
viwiki	unknown	5 to 99	11	20
vlswiki	Belgium	100 or more	1	10
vlswiki	Belgium	5 to 99	1	10
vlswiki	United States	5 to 99	1	10
vowiki	Germany	5 to 99	1	10
vowiki	United States	5 to 99	1	10
vowiki	unknown	5 to 99	1	10
warwiki	Australia	5 to 99	1	10
warwiki	France	5 to 99	1	10
warwiki	Germany	5 to 99	1	10
warwiki	Indonesia	5 to 99	1	10
warwiki	Ireland	5 to 99	1	10
warwiki	Italy	5 to 99	1	10
warwiki	Malaysia	5 to 99	1	10
warwiki	Mexico	5 to 99	1	10
warwiki	Netherlands	5 to 99	1	10
warwiki	Philippines	5 to 99	1	10
warwiki	United Kingdom	5 to 99	1	10
warwiki	United States	5 to 99	1	10
warwiki	unknown	5 to 99	1	10
wawiki	Belgium	5 to 99	1	10
wawiki	France	5 to 99	1	10
wawiki	Morocco	100 or more	1	10
wawiki	United States	5 to 99	1	10
wowiki	Canada	5 to 99	1	10
wowiki	Switzerland	5 to 99	1	10
wuuwiki	Malaysia	5 to 99	1	10
wuuwiki	Singapore	5 to 99	1	10
wuuwiki	Taiwan	100 or more	1	10
wuuwiki	Taiwan	5 to 99	1	10
wuuwiki	United States	100 or more	1	10
wuuwiki	United States	5 to 99	11	20
xhwiki	Israel	100 or more	1	10
xhwiki	South Africa	5 to 99	1	10
xhwiki	United States	5 to 99	1	10
xmfwiki	Georgia	5 to 99	1	10
xmfwiki	unknown	5 to 99	1	10
yiwiki	Canada	5 to 99	1	10
yiwiki	Israel	100 or more	1	10
yiwiki	Israel	5 to 99	11	20
yiwiki	Italy	5 to 99	1	10
yiwiki	Spain	5 to 99	1	10
yiwiki	Switzerland	5 to 99	1	10
yiwiki	United Kingdom	100 or more	1	10
yiwiki	United States	5 to 99	1	10
yowiki	Greece	5 to 99	1	10
yowiki	Netherlands	100 or more	1	10
yowiki	Nigeria	100 or more	1	10
yowiki	Nigeria	5 to 99	1	10
yowiki	United Kingdom	5 to 99	1	10
yowiki	United States	5 to 99	1	10
yowiki	unknown	5 to 99	1	10
zeawiki	Netherlands	5 to 99	1	10
zh_classicalwiki	Canada	5 to 99	1	10
zh_classicalwiki	Germany	5 to 99	1	10
zh_classicalwiki	Hong Kong	100 or more	1	10
zh_classicalwiki	Hong Kong	5 to 99	1	10
zh_classicalwiki	Italy	5 to 99	1	10
zh_classicalwiki	Japan	5 to 99	1	10
zh_classicalwiki	Singapore	5 to 99	1	10
zh_classicalwiki	Taiwan	5 to 99	1	10
zh_classicalwiki	United States	5 to 99	1	10
zh_classicalwiki	unknown	5 to 99	1	10
zh_min_nanwiki	Germany	5 to 99	1	10
zh_min_nanwiki	Macao	5 to 99	1	10
zh_min_nanwiki	Malaysia	5 to 99	1	10
zh_min_nanwiki	Taiwan	100 or more	1	10
zh_min_nanwiki	Taiwan	5 to 99	1	10
zh_min_nanwiki	unknown	5 to 99	1	10
zh_yuewiki	Australia	100 or more	1	10
zh_yuewiki	Austria	5 to 99	1	10
zh_yuewiki	Brazil	5 to 99	1	10
zh_yuewiki	Canada	5 to 99	1	10
zh_yuewiki	France	5 to 99	1	10
zh_yuewiki	Germany	100 or more	1	10
zh_yuewiki	Hong Kong	100 or more	1	10
zh_yuewiki	Hong Kong	5 to 99	91	100
zh_yuewiki	India	5 to 99	1	10
zh_yuewiki	Japan	5 to 99	1	10
zh_yuewiki	Macao	100 or more	1	10
zh_yuewiki	Macao	5 to 99	1	10
zh_yuewiki	Malaysia	5 to 99	1	10
zh_yuewiki	Philippines	5 to 99	1	10
zh_yuewiki	Singapore	5 to 99	1	10
zh_yuewiki	Taiwan	5 to 99	1	10
zh_yuewiki	United Kingdom	100 or more	1	10
zh_yuewiki	United States	5 to 99	1	10
zhwiki	Angola	5 to 99	1	10
zhwiki	Australia	100 or more	1	10
zhwiki	Australia	5 to 99	51	60
zhwiki	Austria	100 or more	1	10
zhwiki	Austria	5 to 99	1	10
zhwiki	Bangladesh	5 to 99	1	10
zhwiki	Belgium	5 to 99	1	10
zhwiki	Brazil	5 to 99	1	10
zhwiki	Bulgaria	5 to 99	1	10
zhwiki	Cambodia	5 to 99	1	10
zhwiki	Cameroon	5 to 99	1	10
zhwiki	Canada	100 or more	1	10
zhwiki	Canada	5 to 99	71	80
zhwiki	Czech Republic	5 to 99	1	10
zhwiki	El Salvador	5 to 99	1	10
zhwiki	Finland	100 or more	1	10
zhwiki	Finland	5 to 99	1	10
zhwiki	France	100 or more	1	10
zhwiki	France	5 to 99	31	40
zhwiki	Germany	100 or more	1	10
zhwiki	Germany	5 to 99	41	50
zhwiki	Guatemala	5 to 99	1	10
zhwiki	Hong Kong	100 or more	131	140
zhwiki	Hong Kong	5 to 99	1391	1400
zhwiki	Hungary	5 to 99	1	10
zhwiki	India	5 to 99	1	10
zhwiki	Indonesia	5 to 99	1	10
zhwiki	Iraq	5 to 99	1	10
zhwiki	Ireland	100 or more	1	10
zhwiki	Ireland	5 to 99	1	10
zhwiki	Israel	5 to 99	1	10
zhwiki	Italy	5 to 99	1	10
zhwiki	Japan	100 or more	11	20
zhwiki	Japan	5 to 99	191	200
zhwiki	Jordan	5 to 99	1	10
zhwiki	Lithuania	100 or more	1	10
zhwiki	Lithuania	5 to 99	1	10
zhwiki	Luxembourg	5 to 99	1	10
zhwiki	Macao	100 or more	1	10
zhwiki	Macao	5 to 99	61	70
zhwiki	Malaysia	100 or more	11	20
zhwiki	Malaysia	5 to 99	271	280
zhwiki	Mexico	5 to 99	1	10
zhwiki	Netherlands	100 or more	1	10
zhwiki	Netherlands	5 to 99	1	10
zhwiki	New Zealand	100 or more	1	10
zhwiki	New Zealand	5 to 99	1	10
zhwiki	Northern Mariana Islands	5 to 99	1	10
zhwiki	Norway	5 to 99	1	10
zhwiki	Peru	5 to 99	1	10
zhwiki	Philippines	5 to 99	1	10
zhwiki	Poland	5 to 99	1	10
zhwiki	Portugal	5 to 99	1	10
zhwiki	Romania	5 to 99	1	10
zhwiki	Singapore	100 or more	1	10
zhwiki	Singapore	5 to 99	81	90
zhwiki	South Korea	100 or more	1	10
zhwiki	South Korea	5 to 99	31	40
zhwiki	Spain	5 to 99	1	10
zhwiki	Sweden	5 to 99	1	10
zhwiki	Switzerland	5 to 99	1	10
zhwiki	Taiwan	100 or more	161	170
zhwiki	Taiwan	5 to 99	2571	2580
zhwiki	Tajikistan	5 to 99	1	10
zhwiki	Ukraine	5 to 99	1	10
zhwiki	United Kingdom	100 or more	1	10
zhwiki	United Kingdom	5 to 99	61	70
zhwiki	United States	100 or more	41	50
zhwiki	United States	5 to 99	351	360
zhwiki	Vanuatu	5 to 99	1	10
zhwiki	unknown	100 or more	1	10
zhwiki	unknown	5 to 99	21	30
zuwiki	Australia	5 to 99	1	10
zuwiki	Germany	5 to 99	1	10
zuwiki	Israel	100 or more	1	10
zuwiki	Netherlands	5 to 99	1	10
zuwiki	South Africa	5 to 99	1	10
zuwiki	United States	5 to 99	1	10
